msno,city,bd,gender,registered_via,registration_init_time
0PEKDAUJBQHi50gorLj5CPtaf+B5AJwO2GpZMMXCj0Y=,1,0,,7,20150818
4qmfqxYbl06wUrfEZKoBFSO+989acDnC23wZOOnf6Nw=,1,0,,7,20140503
B9BcLggRjFuNb2OnoCvTjl8KnA02Bm7pIPNlDEzQz1o=,22,21,female,3,20121105
CA+qejbWkQdiKZItTMHfnOf4Gz2lsuj8tIXqgCXqZmo=,1,0,,7,20170108
Dta442KneAVdGaohp5DxG4lkEE6mEFPhQMe5BkoT/vA=,1,0,,7,20150930
KKAuIiz0PfekBzJQXn1hCSzOGseyjuxZKZ4iTB7yxNA=,18,23,male,7,20141025
KYfAE25nOoFtOrCaJaqxXXd12ukmokYoPpfoqmRz204=,13,30,male,9,20070922
MBcdjUY3e2Fa3oC3eXpSnQOOC6PehG6m1/MR/yzCVuo=,1,0,,7,20140220
Nu51nplJJAChgiEG068kaaMDztvjcQCkaKHM1JAymd0=,1,0,,7,20151115
RX7XnB8PVClvCDmUSAqX9xPXsYzKT/l3UDAlxBzunic=,13,30,female,9,20060107
UWWvI4G0RxkpfzGh37ZQVqPOjuQcbFMeKcAr5cTUcf0=,13,36,female,9,20051231
Vk7coWA2ZgHy3WXHh5MkYa2yz/aZbPERZeY/Zo68VHo=,5,35,male,9,20110712
mz9apdOjUOeNXiHb4P8SK77cMPc5rdzaYpTrq14W2no=,1,0,,7,20151130
3ZoWUdgAuiR/Kqlb3z24EEMZOL3vE7uiT+sZDAKL3BQ=,14,0,,7,20131015
4g5lljYRmsv3hoUGgnHyyoAODb9pTqfqiIhAq19Hkyk=,14,29,female,9,20050613
GREdhEym3cC6qdse9anrOb6mvi9hzsRXF3UmUeNvaKc=,1,0,,7,20131005
HbLfqVFCdz//iXmpCd39LeregV1xhFqupmVDY6I2HSY=,1,0,,7,20131213
N/8OR2RSOB87+aTk8aQ/fUEuWQtZgboYbIrst2xolOo=,10,30,male,9,20070929
k0WDBLSjoyNfK2bdfdmmAwn/icPF30zd0Ew69baHXRA=,1,0,,7,20140114
zbC2ntKSm/vKEfZAYKNKsWvNAV504n9i7GutqkTsREk=,1,0,,7,20161218
ze2fqklQenFUMdwTMLvf71nIjqKmrSM6jN/h9iZcM1w=,1,0,,7,20160825
AeG+XyNh/TL3eN9xEw7AO7aGz60TJEP1VQjKC6hnbVc=,1,0,,7,20160713
DHozEYaI0pViqgL0ww/yvNhQbkq8ZAt/MtcQE5bUXNI=,1,0,,7,20140112
KNeO0dKmm+8CAL2L4tkDJots5ko4fbfG6vbFDCjz8RQ=,5,62,female,3,20140825
LGsmkeheOXh77e9ZbVRYeBQ4fCBLxjtCMZ6au4VqP70=,1,0,,7,20100516
N/5fV0eQ6QOBC/1cxw1GYqJVkFpxqmUXBJR4hYioszM=,14,49,female,9,20160817
XxWHG2u+f32ql/z0jlFOMyfGjLD74+EZJqAs1PHxekI=,1,0,,7,20140806
eQ7Q6DlYYWm1BQEGknNab6WEwZylre/penPpw0PUvFI=,1,0,,7,20130907
iA21u6iyu7taJXYhQ6MbkbJwwoa3amzg1JYw7tZBUdc=,1,0,,9,20161206
kOXcer+//oOLtOB6JLhxNqj/3YyTH2m+kWfvYTtMc7I=,1,0,,7,20160818
pUX9dgyaFkhfdp+IuFac7AJfc/eWv5ysvqxOdkdTuEg=,13,23,male,9,20090611
sZa3fgr0Sfh/RvjmTEmRR8Xuf/HFNhN1FF3gcAUasv8=,1,0,,7,20100630
uHfRkor0a7J9r7HWoOsD0vhPAws0jhlKYaQ0pgJH39U=,1,0,,7,20140304
zg62KT4CpRvebisu7dpHW7CcY8mWZknNqN89rmkWpnc=,5,37,male,9,20100710
+7FBvSUAwpI9nXTF7n33CrossTtESxfwNT42BNyBGFk=,6,0,,4,20151120
9pC90DUjK4f0qzc3XNTdDbhE4vaQsaIsKlDDU7p4YSo=,5,29,female,9,20090703
9pFQ/FjmXeS27gN8odl8O6n+xO6md/vCU7M3txRg7Qs=,17,46,female,9,20080726
9qPnjypwx7g1EFumpt6ZRqxZVQDT8vCAAU0wRPRmJZE=,1,0,female,7,20130414
A5sfh5qAExINTJVMrbAYN8iLmWfuxh+qXZhR4csL2jg=,15,19,male,3,20140202
G5ZUENj72POl6POOiLWd5L9M1IObSTjsq1MkVVeDBx0=,12,23,female,3,20130609
MWu9NlJxuO84QFawukHfTKyIMdMfeC0g0yrDsxFWokI=,1,0,,7,20110107
NkZfiSt9//ZJ80NhtR3QVo/7rCuGBy7a3umjfKMZz+A=,4,23,female,9,20150422
O80sFuxK0uYffvR3ocMBpUdgu73xBuuO7dPWLNdTAlc=,5,20,male,7,20130802
OtQ15zNJRj0TP/QxhaI8U+NVPtPP9csPobTrrplxFSU=,4,41,male,9,20090323
RcT3lJQg/vMbxdc829LnFyN48KcBbAIs5tGvytvGwZg=,15,30,,9,20150712
RyGzT/7kdxpJl17VFVlgPcqXVzQ9Bq0TfbZSxd/L/f4=,1,0,,7,20151112
VIY0s2Z6BvbCWIlWBZc8oZazip6Ke4Xm72AG7flO4to=,1,0,,7,20161127
WL3T47m49FiQRh1Zn+sicqDEfGSKhOZwqz2RQ7mROBQ=,1,0,,7,20130809
ccODpmwfgSBxrILvsbKgDzie4n1JcxeYZxzmH+22rO0=,1,0,,7,20140608
fh3wEvh/eJKfoBJLbBZWWcv54/tbWbzegQwNcEGT6SY=,1,0,,7,20110617
kiLQHjHZxFygzfGm1zc1MIbHNhluAXiU9FenTAxEClE=,22,27,female,7,20140514
pferkuQd2UwdlcmON1ZLdlnWycAx2SUrYi3gHOMzPW0=,3,31,female,9,20091112
tziJYKl9I5dy1uO9wumIYmSw4NWfA2WImMWCa7M8nUw=,15,23,male,9,20080309
2XOdJjoFh0zU1jZ8WxaMdfpLh6MvIOAmYGakmqAx6ZQ=,5,0,,3,20140508
5nwk1uOCoNbBOh2DrrEBXrUdcRzV6y7211MEhGvzg88=,13,25,female,3,20120524
88hx7g9TrxEeuoV7jfhyXY//rtND+hT/Gvx6Y5lBDHo=,1,0,,7,20140226
9Cvt8wFKwALRdHVL27wvqsyUp6nYOw+yiNqT+S3B0qM=,1,0,,4,20160609
C75WxDA8z5FbP8RqSAWdR5MW6tvFnPspANYbwQAZBWM=,9,34,male,7,20110131
Gjfmad/iPXCIEFyAfRd9/enFvbNnV/wx+wPMf8Nt7Vc=,6,20,female,9,20140615
INOfoYjWG4EKocq8rDZoA61jfVgnKhrOoB6e1eZU/kc=,1,0,,7,20110610
JKgwVaIFaAXkIwOfNyXFK7oVMPZ2jLmW1RuaG6ENHsU=,1,0,,7,20130613
JpDNY/QplUwHdxh0BCRolA46J72N/BO3usTMdmQ8h54=,4,30,female,9,20140817
KlBSGSBDF/+RTJa0KD0Ixuey91K9r9gO5yVdEr9DXTk=,1,0,,7,20160205
STfMmPD0WhXvVv2krv6y35KTTtWWTDYO888TeHxm1ys=,1,0,,7,20140225
Z8aaDD4OA/R66dVXaIBkhCWEdIdUQgqcR3sffiHY87o=,1,0,,7,20140118
qVBiYW67lHlD2p45NbsLx3Z+orKDDMic0SMYdMXM3Do=,1,0,,7,20140626
rXHFs4vgO44TRJwzVu/gXi5I1ED2rqBorm2a0ImI81s=,15,28,male,9,20121014
1956+eQJbBscYgGz7zbVZffPcROgI26dA7JrAaCv/Kw=,12,22,male,3,20120829
28CPWdSiIvxnZiPH9/t4jyVX0bvt2IW1nN8swlRwecw=,5,30,male,9,20100513
4wWkYb2fcqTAj/D+7YlOgOJxD8C/bGsI948ytRXmS9o=,18,26,female,9,20090515
C1UxLxoDIOyKB5o36tP65jxd4WTXFfXJtseclYMMGFc=,13,45,female,7,20140525
K38gsWRzAE5hVA9y8HrL5KJfVs9KhqYuiHc0ORyhqCU=,1,0,,7,20130910
PXlpvOJpl5q4rqGvM0l+0/CTFQQJ9PYbN9BY6kcxj/c=,15,19,female,9,20101010
RO2NSyfwjlmhelquiZhzVJ+7S9lnzvuuGd2aODXQ99E=,1,0,,9,20140630
RSfjfo9S9UFGNN1AplFqSdYdykccUbICVJuG9ToXOdA=,1,0,,7,20160401
S4JJt3snMvZvqnn2gh05IahwpwZzwcm49DVs3jLvvgE=,5,23,male,3,20141209
Tfak1IEM+jICD06eNQrSolDhGgZzzStklmcJr5f62as=,14,20,female,7,20140615
WItXEOiTwuJgcz9odgxGBPkyqeiRJLbN0D0XDAJQ/4g=,1,0,,7,20160325
fbP8jY+Wcoc31FNRERpwKMJryXPiJDyHA+iJExo6fUQ=,15,46,female,9,20100403
setEfMuas4USNx2E6PYdFoPSENIuCUjt/LLIgqG4ZtI=,13,0,female,9,20050922
uGK4R0bIXNRV07+hn/OUFvgC3O/Z2MOuKGBPk6eIMD8=,4,0,female,7,20141110
yBfkkNXwHUaFJy/pTw48XLpnR3/MgYkTm2IuLKgWSvw=,12,27,male,9,20080722
+1gZIOUWoNTamOml4W87muAxOcXrFsY1fvLpnHYwIt0=,1,0,,7,20140207
CM51bl0M4r8DSzZ0OQwm511nAF6egbfU3Ot3bPJNATM=,1,0,,7,20100427
CmMByWv7LVgemujRHHvMJ+JDqgEEpKnESF0OX9Hw4f8=,5,46,female,9,20071123
CzO/GUoBd/tKlm5gsmKFGoC4jahmltfy+VWV5Sz9DMA=,1,0,,9,20141213
FirbGxhnX14jG07i7b5sc/9QwkKTw+/XQ95B81sTRqo=,12,24,female,9,20110917
OuLSU8EmGtqDkf6XkVUZMJmWqLA1HAb4MD8+dfO3cd0=,1,0,,7,20110826
YPTTURq5yyiSg1Ngcrg7fyZ+CRCwrX72h9kcGjdqRDs=,1,0,,7,20150807
o+PtS02jziBQWt1VvpwHlPHseor1PvBCjxmvopqvF/s=,17,21,male,4,20151205
qKs4+x398hQ1i88sempbetM+/28G9Qv6Oror0gTLE8o=,1,0,,7,20131031
vITlgNL7bxTfT118iQHHS+hpjC6CR6LhG92B1DQp6Qw=,5,35,male,7,20110620
/olKUTsndeEoXJJTKggUupHusCNqYVDXPfqsqzLPprk=,9,1053,female,9,20100205
9WkQfVrf+7CpKHuODQZJA3omBliXKVnll58GY/UVySQ=,1,0,,7,20150713
AazGf7ebjsT1mkHqSodL4UdYo/up5rZ32uAdIab9Gy0=,13,0,,3,20140619
CFaw438TuB9MCT+vyd0NpjeQPnJsY9ac/vTXsrQ9Dfw=,22,35,female,9,20051216
D4xnCP4inzGy0/Dh8tRVM9OZP0HiKy0cdZGRdw6htzw=,9,27,female,7,20110308
D8jpCEGkU/Yq7BSewzrdR+L9VojDHisLoKrjsPiQAlY=,1,0,,7,20140621
E9IBMUyco/sfgel9cHL0/ESTepC9lntzmFCpoWldsLQ=,13,29,female,9,20101213
LfeMboccW1JSDD3HnqB90Ic8PxKJrJRzwo/sbxc8cwk=,1,0,,7,20161210
PRNANQY25Ngn0xBN9qBpPJ/XEitnGBCD1V3XC40AcZ4=,9,20,male,9,20150716
QCo7sGl3W+W/HIS1Tj4scxsyb3ZYRqH4GG20VMzi26s=,1,0,,7,20140716
QrUQbl0J4rbLUp9bqtWNGR5r+Lli4MdiyF6lH2WKCJM=,6,25,male,9,20110610
Sb7HVTa/Q2HCIb63MZ2Gm36ciuaVTY/nF8IwOsFdIPA=,5,24,male,7,20110612
U0VMnkkPYZ3Ret1vZH72uFrxTNR4fTDXgmstoXEgH9U=,22,28,male,9,20101112
dY7SrNEF5GUNF2E6QEv1vpY7oRsYLhK0Sp8bxs5+z/A=,1,0,,7,20140623
hz7NL22EPBL/wfiSvxSTlPPmK+x3cAHpNCPdJDUsRzs=,18,26,male,3,20140607
pEzvLetbu8+pB9cYLSzVacKmyyJYAFzhSFtrnMrJPJU=,22,28,male,9,20070615
zI3KDrOBDA18jLeDWWeYBUZHWWHLw1znvQzJI8sBJmM=,15,39,female,9,20090514
+32d1JlIFi3ETwF7sZIGHYRHxdIqTRNj2CN0X/TruKU=,15,19,,7,20140512
68qdesp6ZzHc43hLELlxoKclQEpmG1j+p4XqeCXMhfk=,13,54,female,7,20100307
7MnYa7+Guv9gwpN0w92B2I5aIpRa/+C56Q6bexTkJN0=,22,34,male,9,20110509
ARLOxqRcpiYRQDATiWYy/B+pJTVLfngLkza3tG9mQ4M=,5,23,female,9,20110221
CBF0Gdn0zL4JpVGgTjCG01DAhyKGIp/XpA+uPOytumI=,1,0,,7,20140204
FCSD+HLvNQXYE857F3xW7f6u/aL+wwJqrPsqu9tSFwQ=,1,0,,7,20110111
Gr0UDy9jBWhncT+KsdRffj6TDVs3uJF5m+octzC33vw=,22,31,male,7,20120318
HdD+/6wYLbiGRf1xog3rw7wP90fFMjO5Z0l8XUcvvZU=,6,43,male,9,20140624
L+nz03V8wIgFrG9UPT/dNv4cMuUVTuw5vhccykyKJAA=,13,36,female,9,20070723
LlHJ1zai/zM0X6i9LQ4X/8I+O5Bm+L76xbYwxULk6SY=,1,0,,7,20131017
MAOy9oVH0IWfxRPUQj6K5NXtZuSGG+EB0nH8JyLMXgM=,13,33,female,9,20061124
OQpMJcNcQImrPSTeo/rErNltyMUS2v8l83/McQHN/78=,1,0,,7,20110121
TcQLAZPDqdK2Nrl4i0h9xJrnJBZka2xtDzmxJNK/+P0=,6,23,female,3,20120923
Uo0Im5b1Qh28JRNdnCxC1FUy4kTjL8NT3G7Fcvj1OV8=,1,0,,7,20161112
VZgaDEq3T1FWMNDG+AClX28/8rkCGgX1n3yrWrrBrcg=,5,29,male,9,20130111
YE2Es3C8BiFauV/xFE5kgAFY9Fed7ywss3/nWeSw8I8=,15,31,male,9,20070513
rVrT5wy0gixeMLkjZRhnVUM7PtgBv4MQvGyI8Tk64kk=,1,0,,3,20140208
su2rmKygAfLM0FXxqnaczz19xw6/P8UOhPOggaxkLm0=,5,20,female,9,20080211
w1mNisltlINDFQDZglLf3ramMcvoEzZ/DGZ9uD4AGkE=,18,23,female,9,20140925
xsRnZu8Ko4EYB/B7J7r0IjbKFS6+4nGPFZfwqc3MP9c=,15,50,male,7,20101223
y2Rc1KTTI4FjpuL1lUeijCYxl+4GeqgI/bjO8UvpnFE=,1,0,,7,20110819
zjTj1bgiI5hwkP9OYuS5Z1EFs+xEr12zfDsAp4b7Frc=,22,0,,9,20100827
+eELJ1gSSkwJItUOLgavd0hFy/TLj0RVrcaPgQunOPM=,14,0,,9,20141115
0K0fp7RjjQHaztDsLasT6ZeasPLwqDxdUaaaOzJp0GQ=,1,0,,7,20140410
4Xfpm0vGAcy+vaIJlNi8IGRZy3kCWQcfkfeslpFtg7U=,1,0,,7,20151225
4gczHCl8o90musTr+fdkoZ1PoP4ims8TCtxkS0BJnfE=,4,31,female,7,20120320
5XriIxPGUtVKe96NEaTekjEo3SbD8jwdOFL7Jn8Zmbw=,1,0,,7,20151021
5l5EzHeBeqme1+ctXLgbWj0GfcxkJzlwB1N56pxAwbQ=,18,18,female,3,20130803
9GXQextm7laDdL1yfEZiBFtxWS+s5Kfx+NUNiA0/oGo=,17,54,female,4,20160501
LYzXVzfvkildghcKz/fjUFejbSygTouqiPAkRBztyao=,15,27,male,7,20140504
NI2xCDS4Q6ZQbG1f/EpEubWwunZDq3bPW0JwBXGuatA=,1,0,,7,20110407
PqPDXZESbUZmTj2MIpEjrJobv5kT+35RYIkJtK/Bcwc=,1,0,,7,20130522
SPmq9R4KxLAUs7h2oEf6EyBVhIzlcKaIbjmOT/aXhTU=,17,39,female,9,20110524
Tx+AfucUzHBperYok3ZD7r/Asn4crklYYlgXj+SY0v4=,15,17,male,7,20160809
b2zZ1qBAfoZzF35QnzV6bPItRNsWnDnJPFTbIuDUgMA=,13,18,male,3,20161008
oNHOJRUL214uvf9a2O9pe9/yc0xmjQQGE9VwLwywfUY=,1,0,,7,20140726
s4gpA1vCTEH4JY6wfr2VjAALnMGWFOd/qsi+6cXqiTk=,13,43,female,9,20110308
u1yNJB+vQRRCGKXFUw1iSYpVu+NkjFrH7w95ohzyj2U=,6,27,male,9,20151113
vAd31BJwmYY82abawsoju55zcJRrrVK/tQ06bty+PDE=,5,0,,9,20111001
0DCjLpkPfeWI88rFIBBTwO7kIlnw75XKXY7No+qTqPs=,5,22,female,7,20160328
K0IGUkq4i/fCQ8tHKz5KimrcKJxWG2YSXZdHCDOHHGI=,22,33,female,9,20120124
Lf/ZFVJ3yjmGTwCAZ6LMG5jMP+srWfmVHs6FdEtJxKA=,15,38,male,3,20141123
Ml46pGla5EmJYhGt/AFynqWN+Yi47AKLV8K+5V5+fd8=,13,20,male,9,20140620
Q40ol912vqDx4FYr7IhgKmb9eML0kDMSSAYe2a/FUVQ=,14,33,female,3,20141210
R5SNzwXFgOAgg4IuV/9NbDFX5PeGtJp2YT8Fpiu+iNU=,1,0,,7,20100927
S+dfGYIniTqmj0AOnb3FJhv6ao9DO1q43GXVJscETPQ=,15,35,male,9,20051011
azbEJvoyDOrXVxtqS82sTIghdE3TrbJfRoVQED3/qnk=,1,0,,7,20140315
dER/IUQV4fUtAKTmjA4E1vRb8TayaTLxF7unXXcs6+0=,4,33,female,7,20101112
fO0kGpjKaAW5R3NBzllHpg2MqbMyaYb6Apl26AMaL0w=,13,25,male,9,20050419
nneggxHITTY9j0bZskcytPKENup1Pb6PO7F7g39VH2Q=,5,34,female,9,20041013
pA7d2owniZc2Qv9XlLBj2agjmPoz6GuUEDZaO/fvHAk=,1,0,,7,20160308
pIIxnVNhK04+KlsychNi1KNANk0O97y6yXIcpurnJpA=,1,0,,7,20111229
vSo3WGd1idoGqy8A8FptaQtbS3gpdCoHyy07e7FZMt8=,13,49,male,9,20040726
xD4t/xKMPktJzss0m9Yf0w0llpFy4+pnsyn0mB2HC8M=,1,0,,7,20150710
A1pi79pOsd8+ArIAnt7UHz8IIT7wRjiQpjaauXo4vAY=,1,0,,7,20130917
IP1zTvCoMnVjzILNT/KojdT9JBURDKP6h7hu7RZ900Y=,22,48,male,9,20110424
QTkJg1mFY9sCmQC9bGWriJ/2sU6pTNEnkMnTAkte61M=,1,0,,7,20150804
m2cBP76z+KmEWD6rYVuJK1YZo66QfkWedOQRXKWppKI=,1,0,,7,20140503
nUoxCVP05Yz4eYPtTdxPMn3rIesFpva/mfT4il64pHI=,3,29,male,9,20080518
0F6CUDwQHCMB25fpEqFsrnH9Oq8UoPDqKA0UFbzJTUI=,5,25,male,9,20090102
DDTISDUAlsDRMiQK/0XYUsA7Qk+FoNUk044NTYDihoc=,4,29,male,9,20140901
H8Umrr9JkMothMUSt3gV/r4FvlTrm8jRvdgNaTo8SXg=,1,0,,7,20151220
K/hR2ZgSElWoit7QmtDINlftZYZiUi5MAe2eu4rMimo=,15,25,male,3,20130910
OsvebVsGVE2iQN06K2PzYtI/el4oBjJWP/nUmRanKRI=,1,0,,7,20130222
PIXPIUS22db6ed5gCiaaDb2E7WVGq/TMl1mNtxXfQuI=,13,0,,3,20130725
RMj4OUUrr4cS4/Ztt57y80PRbpABPW3Tb3KoAb9uFN0=,1,0,,7,20100623
RZ+fSdOOsWOxcyMOs3Yli1pBO/XJzS595cowmSwSuhk=,4,29,female,9,20100822
TkklMKcpG9PTFxKDNse/VW2pdjgas5sOmWwL2P3Yxx0=,4,19,male,4,20161107
Us3bSfu9WuAlGAiZIc9eFsNPMbr0m2bAO4aEd5w4zDI=,1,0,,7,20140702
VAsRXcm8RlHtFJ3WbWoNwgO4knd8yjFdLNk6BkfH3Hk=,13,21,female,3,20140407
XY+Yu0h+sk0RAu0gkHYEEnm7ayzC0zbWVh5cvxG1V2w=,14,30,male,9,20060419
bChwxkxyob01xMy30qaBskL8n/UPql5Ulk9a+zecRWk=,15,33,female,9,20130809
fm4sL+mfCH/i2hpjhr36MY1LdoK7J9/IDaGkyYOHj10=,5,24,female,9,20070812
uAsO23JRTyEjXE30TEmnRX6owCoFjdsvipgLo5iYkGE=,1,0,,7,20160725
vmzd4h3g+to5TPFCA2nrb78ifT3Rm/jzJMKTXvkm4R4=,6,0,,9,20141212
yqJEdHqC5L79FCLKrCKQpRbTaV25agKwfdYqz/tRrdM=,1,0,,7,20140427
01tQaPlMxhIF7QCiMTPVTQWzg88k40m9bfy/ZMWCg6A=,6,28,female,9,20050926
0jaUI8vT/GDkiLY99flntz+kAqFoDYd6ZATxA8sAUpE=,1,15,,9,20141025
2eSpregKaPvPHfu/CbD6RtqrRVOsTU+F3s/lwhQEee0=,1,0,,7,20160512
8gMvl28V8n53pUSze9GsuK4eRTcBofYhouUWosqYw50=,1,17,male,4,20160503
EvCz1pJ3K1G8baSRz6Ts8cKKudSLgmXcsIVFHixOM24=,1,0,,7,20161202
HGkExdM/2rBj31A70D23Sm68jpW5ymhA5V0rJI+iijw=,15,46,female,7,20161220
LlPkKTOxJPuVKCS67azU7GPz7f1NXw7oTRgK4tSO/iQ=,13,24,,7,20141015
OH2ZXB62UiFqRa8vDJvgE9PL/Kmlz0jvnAL9rqBlSyU=,1,0,,9,20160201
Xl/vFzdWzjKfekibnbbhkqLZGhV7ixKD1FGdF1jH1Do=,22,0,,3,20121222
cCnGys6iL1bKZ4LO8IH6hOwFSZ3DZXWJ6d1GOU7z3Ok=,15,33,female,7,20151108
gbr8zvn/EliFm7ZHxIK27fASaFQDDp6C3JN9mTCnaNg=,1,0,,7,20100716
iNfXK2nICSuVxPbr0bcOKaI2N0AiAcqu0sLf8dKsweM=,1,0,,7,20151016
jOCtDBVaHeR2EJjvnrAyZlAc42+MWqHOtw46Hpop5oU=,13,26,male,9,20080513
jf3KFI1iMEcHBJKkILZv4kJrb/Xd6Cq7L3WvrOEaIXU=,1,0,,7,20150904
wQrh6KJUKv3CTfaVm1kCRl88ftkH3jkAHCkU2W4WoSw=,15,28,male,7,20151205
5PxV+UUu4XupXn1aXj2lQgGberwcSgr0m8Zt7jO7hGY=,14,42,male,9,20050402
E6Iir/4qF6CsKXhK3j5ufH0s1CknHDOOYyitu2isW68=,22,34,female,9,20100609
Hd6QpKf497ws8D7HW0RSALHrxZPkO4YXR1vADIwWf1o=,1,0,,7,20110822
KZZrMeL6syGlaShfNZJsPuBE4LXVykoVh5zE5DZHHoI=,13,37,male,7,20101222
Nd91DB99TPXNTow+q4X/G29LyQLLjfz63jZW5j6vCi4=,8,28,female,9,20160423
TgcNPbsZeZ8buEcnLqLok29Q+gX0klzE0LmOESRwjbU=,1,0,,7,20140303
UyM4O2+azrN3bqQD5KqQZQbaI7g7nfmKPo7RizwA+9k=,1,0,,7,20150313
XH5ceYZZ5f9aYg4UlUOjvwbQqeQmZ4/Y1ty30mPiPFc=,8,29,male,3,20120803
cTl84JVwE6CiInMmTijR7Mlv5CVqVvnK2YEyjzrhSeE=,1,0,,7,20160321
e64JSZO/EeYX3zc45GTeUyhvgex9dLBGypgXxuOwVJM=,5,26,female,9,20110429
vh69xpuiyh9KoSYz+G8ouVDiqzgVudaSf3NJVss+qhk=,1,0,,7,20111217
31iYKYXW6zNI7FMb/q6OBZNarcmfXCv/yHL9b3D8Aa4=,1,0,,7,20160716
5TnTIdgWZRN1HzHTBqHLtG8j8zfYFiinmo+LqeCk+BU=,13,32,male,9,20140913
7KZW08zpRHq+kAK763OB7vdCLv/Y8/avh6TzgwF/C3o=,1,0,,4,20151126
ASw9obIZbYQiH7bb9vlGJEK5W8p9Gd1HiaTo3hv9Fj0=,13,27,male,9,20131215
DxHeYlWwbDWbeWOKW26WAFiYgpvnM5FediXIQJO1BOc=,1,0,,7,20101015
EJqCqjeGmuVwQ+vLTGPNQhDcWuF9s7Fkg4jlxWqqxmQ=,1,0,,7,20110218
HW61Mx9fi1jmzpif1FLZXKCmWULEV0c0OvMezWvQwmE=,22,19,male,4,20151204
I1AT9lMkI9PFduVdmqpzvHTDNLANDcKUiTErseVmlec=,1,0,,7,20131027
J9nunCeGqqLRE/+PJd5x/IMxLK4ScNQu8nBqE7BDbZI=,1,0,,7,20160706
Rdo+b+zGAVfWudNJvg61ahzJS1BX+RY0FfX8mWa0VZ8=,1,0,,7,20140213
SEefVTvIGZTkIpWvzQLZlwQTp1mVqAP3AwsR9PgJLv4=,5,22,female,9,20120408
SNZyP2XlKpy9XfzBbPdEW/7M1tc1C0eZl5VX0s+x3Lc=,13,52,male,9,20120116
WU+Ho3Cxzf60rgkgs8si9D+PzOJkQpxkDeW7HleeHOI=,1,0,,7,20161017
Xd5/XGnHPP7RVOKILQm3TJXE+Q2en8ypKNmFJMc1rA4=,3,37,male,3,20140328
Z+RCe3VQ1wVvcWc+NkoS5WOjm+NBaO2tDe/6OmqtaXE=,22,23,male,9,20100327
cTWJf4DJ7glxRtLbQzfhh5xjUoSQ4UKxs4GLqUf9GCA=,1,0,,7,20130114
exNQThzR3DVKByeJk64Uy6rVSxK36FdkmgJBJxJRdCw=,8,35,female,9,20110618
l1J3xlBYWR5w1SD5vNEEVAGycZ6TB4NTkBPmPjf6XRs=,1,0,,7,20151109
na21vA65q+dH6ehPcZpU6RoiU3sycMqLIdrGpyqzDJE=,13,0,female,4,20160121
/OrkK+agRQCMhB2GK3KctomRLGCQuWxUqw9ml1eQNog=,11,22,male,9,20090401
2K9WU+gtovPSk4x/J0sHLXGATVZJguBTSvdsv0AjbjQ=,14,23,female,9,20140205
3BsOGmc0CG7n3Bd6sCTBzWGPP+qsnB616H8snK3mV1s=,14,29,male,9,20101128
86cKVXcTwfDEam7BEip402lmEJf9LRsVYChj9QcDApM=,15,41,male,9,20070417
DkPwxRm8ZkuXFUDZnu0K2d7/fpcvMiKz85K+8V2f900=,1,0,,4,20160121
JvEkS6dCr/d7aFAh65uKfXHxuLs0nLwPjovq+gp6Gj8=,1,0,,7,20140719
O5vtoLGFApCh2nbZDYXvzlxfCszpLh9XsX1DSXZZ584=,1,0,,7,20160331
Ot3xdrqD+ZpKVLK76cRBV3wvrHHFTHLq/97SOFdS5OI=,22,30,female,7,20110921
TDV7H5pB1oFJWFlJRAoQJFac/8j5Ik/cXv6QeWUdJRo=,1,0,,7,20160806
b5k4Gli+QMW4EnYG9Yd1iYOxp/ORYnhEgbi83y+v0w0=,6,21,female,9,20120702
in9s3WtP9yx2JwXq1SxDqM9D3xSGQo3fu5FUU5Bj0v4=,1,0,,7,20120430
rt+I+cFqSfUQUvspoi1C1OXbYT9jQt5tDyfl9F7HNfY=,8,31,male,9,20120925
s86VbkdGUM5S/YymNeBDu89aFK+/eGcoZfvrJqBgIvI=,13,25,male,9,20111226
s8XoNsWsKm8HUAoYN2DzjD4phOuXMtwcjpAQ3+nTpa8=,8,31,male,9,20090315
up+DI58F5HYlVdJ0C+r23MjmNXuXCONeQf4klqR1ySE=,5,34,male,9,20060627
vCAvcwyO9u/oHqlfntbs+mGcDXWp8mBnZQr50oaMvoE=,1,0,,7,20101229
vr5rlAPv0vwZsnZIB3R45bdNmn5Bj8N4krKu4BJKCjY=,14,38,female,9,20051127
2zdqR2h1X2f1rEWDGkLSuvZaR31vm7h1asQum+Prr1U=,5,40,male,9,20101130
4S0856f6+Wy9328ol91uM7qKALWDH6ON4Z7gEa5vaQo=,22,28,male,7,20130703
7vE9qXAn7f3OljQBVXHPXnUSZByhq2rMMCPlTU6fxdQ=,1,0,,3,20130625
EVFfF9jTBdWevM6Ov4yt2BcKLh1DwKn4Ae1T9UAbUQc=,10,0,,9,20160429
GZMYW1cbALBDAUAAT7SisZys9pxcnwOZUrVGY2/mu7w=,1,0,,7,20160424
NobHyuJBgow+tTuC8qL7eHP+WonZPTOgPyYiNZ8R178=,13,30,male,9,20081101
RGuc6Nbd8ImNn6gIeFOrC9pJWv3Q9spFHGRrO49zAjc=,1,0,,7,20151217
UGW8NgeW9oKKeE8Hr9Lc3L04K7QjVxMJUSxtKxXSFjg=,5,32,male,9,20070618
WQzxI3Jki4g4YsLJ8JIhO/NH27jwa6ykmqXD9RgWMLA=,1,0,,7,20131211
X2GawL5TC+Q6URHOq243kk9wE6Iw/eIsUZZklWukjLA=,13,17,female,3,20120404
YIrCTeMXgvt5WkUBhXQu+12UkbScCE2qPApy5tB6stg=,13,34,female,9,20100325
ZJtjnWVM5G3yBhj/A7pqARw3/tIzOO/jDG37QnQmenk=,1,29,male,3,20140814
g5imfVFBebpZotfWB4b7NKZDC8kzir+ZsDeGlM+LIec=,5,26,female,9,20070825
xSawIj+WkRr41Wn4cu+iUk5O4yiaa/EWP+a8Uy0CvM0=,18,22,male,7,20130923
0ZfEQZoOAd/HFDF+Q/WC+/l7dqcXoZ1Xq8bdhHZdhko=,1,0,,9,20150601
4/vVgLknAvlAqcAa6ke3q5oohcLlI0KqBnttTl1F8G8=,1,0,,7,20130926
9CAoH6rnagB5k8EH9iFpuJ2HAmW1Gt1bNzgu+DCY+uw=,22,25,female,7,20120228
I/k8Rl/1DA5QRLEEEtzUYUsdq+5gxYEd9DRlAKsd2LM=,13,24,male,9,20080921
PRmx+esmErLIA+NSfBZJA8gsJ9RBiHbCbOCsBrybimQ=,13,21,male,9,20150521
VLMHRO/LD0sia9Qc+0cQr+CPJiAP4+5r5hVYRjs2dis=,15,106,male,9,20120302
W4qUlJ478n/1UAl6WXhegTvSPRbKtVsizpQIFupLGhk=,16,28,male,9,20060222
ZEDwjKRBQXESRuQD3V2mSC7CCu/yVAA4osgufT9rwLw=,5,28,male,9,20100423
e60+TmPcGl9JggdqqnVvuFemmopCH9CxxCUlGOZlIyg=,14,29,female,9,20110511
exBQ4HJ4imWPtul/kxfWihuAaciR37eFihbloTBsFM8=,13,28,male,7,20160416
fO42iTLF9i9TDSuy3DGzb90Sueam5/6ELKreT6B1pNc=,1,0,,7,20160615
h8xEf0uTl1J90JFfx416NYZVV2xuPrgA+GUzzOvbDkE=,14,26,male,9,20141125
hfxkyvgumBVcTidsEJOtfAwxCdgHh1zYTy7L1UCVQ7U=,14,28,female,3,20111217
l25ZvFt2qNeoolsoHlpLaeY8fzHOH3dKhTw31TSfN8Q=,14,22,male,7,20160605
xY8nPjm/RfDfoTgHwtrYRviTLmM1FKJDUHBgEaYqG5s=,15,33,female,9,20051025
zH+uaQBIWB9GppZRMZukTQbNvTKGP9uAhs5Eh30TYtY=,13,18,female,3,20130731
4zOZNcW21WLi+rcpEu4lQ8kvfYg6KPEpnWAWLVJpt00=,1,0,,7,20110530
5CHjaC3ibSvEcAgEo77M0vqKzAYpfJuqxC7a/EKqbSk=,13,27,female,7,20110330
5NvZt55C6DOfH0p28bTi4inThD8vJkf4ADYLsWPCybg=,1,0,,7,20160310
BhpT+OJ4sWyrh8hqFeqBnGHxd4Iqhx22oCFjlTRG/Ow=,1,0,,7,20160226
E7wUQcE5en53ah2RSV6ansqY9WRRwUcdTl4ix4gp0tI=,1,0,,7,20130117
Hr7adkVzRB9W8PK9j3CWfYA+ZncvIsVqD2qRewDrhCw=,5,19,male,7,20130903
OLe96qQE+KpaPBfR7bsVDnT0wjnyX5Z8Owa8Ti+2ReQ=,1,0,,7,20140322
TAS9QHlsdnZufOcgQjkPvV4l2ZSFRcEnFyP0nekruUw=,1,0,,7,20160712
WAzGQnjh5LuAqbW/2++baIFJWQknUon4ZyR9PdGgVII=,22,22,male,7,20141021
ZTklGSLWj/bJVWDyGkJUehZZLrLetLi0gT5haV9PWag=,5,27,male,4,20151102
lwsKdxUT6DroZI27PfQHmAwKozJkYgPq5YFfqlxLvaU=,5,29,female,7,20120507
npgI+vHV7Wpr2hsySvtFJTX0MzOG9AUzv25SITrvEbA=,1,0,,7,20160119
oY6TgM6ubc1/MW/QyEAaBoHjfpE/oyyaOCho0UfWRHI=,14,19,male,9,20070527
vJGuVvnJ0GOi9t5UzfFab5RuL7klvNafCOf1CauKbqE=,1,0,,7,20150902
w+Or/sjpA7X9Ev3aMWUsGxsnX3+I62EcuqP9zXN2QPU=,13,0,,7,20150805
y728AWWswWG7+18LxCJYGNFmMHCs0AHQ5um/dur02nA=,1,0,,7,20150818
+314+VUR+AnxgDy+g6fFVugtH+Px+IA1iF2Z6o90XCM=,1,0,,7,20160702
2O4vx4Mut/lHjgWB6IKZE7K/bAe38b1FVAOzEB96rI8=,1,0,,3,20131006
7oC2Ito2iGsW313o+nm41+Z9tGvC/wGtzG+evqUsSP4=,12,0,male,3,20141207
LMMVjWDdRJRf2/+HedmHP6m1gYuv/T7lBkmFSC2Q3EU=,1,0,,7,20110215
SyT06YbyG6yiltP3bCm8Lc+cLKLgIJCuDKkMJibQzrA=,1,0,,7,20160507
TO7c1GPLzUpHV7CrQNPN/aye6bgpHWkwHE2+WG+48jY=,10,26,female,7,20130730
U31GvRKRcZ19Z0pDgHiISANx+4fwql0SXiiTdY+toC8=,22,0,,3,20130218
VUS+EFadXPz24OyK3Fg6gr/Az0KdoKVOk63Hqyt1VaM=,1,0,,7,20170114
dyEZO1DpBS30Snsk3gcrWI3IR2tQA3nmE10Bpw5n7wI=,1,0,,3,20130414
fIKMclWTu9uwVE5vDzEP2GyXLGtyRVIda5YoCNWivEM=,1,0,,7,20131117
iht2MBhjbP40ccIAFXbNOWnKyeQUNBy9knlTW5Pn5us=,1,0,,7,20151012
jFt5mksNRpepktI16ZIxwL/7K92cC7UQsKstxdba3VM=,1,0,,7,20110321
kCTEdirJm/jqBEmpo3apvVjpADL9rb3dKr3QlGdIKwY=,22,22,male,9,20151127
tg2+jz+YsCztw3Bkj5hCpMzNSqDcXKLK3Ca6tjQCydw=,5,28,female,7,20150719
uJCkwhX40tGKARffc6TOK/VsjCunV4tvzq13NHPf6UM=,13,21,male,4,20160609
+6KodETinDioAsOrJjj1UH425xG3uM6N/bd49J15How=,1,0,,7,20130708
4SZBmxLz3PVAaViPNVnj4WoMobEjbRyZqXERh9eTuVc=,5,41,male,9,20120311
7KEEB9o6vp14LiR0K19Q+CGjhvWVIM92qdzJpV8Th/U=,1,0,,7,20160521
7uiyAlCozfpqbnuDcts6PtOjzX13N3vnoAq8zhfaK60=,1,0,,4,20160828
9odVjA6lR/sg/iDNm06f0nCh58SdMSJUV7nODE0IKiI=,9,24,male,7,20130422
BvFgAAeWWvoYJOfh97kGQRIWtgFRXlSPNS0WEdGr2Hc=,9,46,female,9,20060701
DSOnO935E7Pjd2ZpNETXC6SGmvTc0jDvoTNpKN+ddzc=,22,0,,4,20160613
F2RzP9ZxikbiFIGaKVt+k5pcCOsM2WgoEo8Mcl4VdFw=,1,0,,7,20130421
KMrqfIWmzT5yP3buNddS/CRvXzUXuLGeLvlzOK7IPi8=,1,0,,7,20160117
L9nEJXoefDodDjAgR3+71rI+2J2mxW1SWH/TZBbhFFc=,1,0,,7,20141128
aD5z5Rw3JbcY2jQp7UIv+vAKSebEeWFtKKjXZUTpTSw=,15,29,male,9,20060116
c4x5kR8h9BfLqXgf9ic/ofSPhbAPzuIDt6e8x3tmGLM=,1,0,,7,20160627
cJys6ViQ4GbE+Wpzn+SMfHfH/lEPANzazKCkVyDjpK8=,1,0,,7,20131203
loVSH3FhOPBYt6DB0HduuyaeDgflw+GgQ7MdSQYoIjU=,1,0,,7,20131123
tPS4lAI7fbyESESpoQB1EELzcQNSXpXVi9bXg9qUbDU=,1,0,,7,20151219
uYiMTaLgey0EIOsguv2tu/TG4kMqYh5pqHQTuuPscAQ=,1,0,,7,20160206
uouWo1YBLpTSvK7YRG6cIahLVTetOQy+sXcIKnEXSzk=,1,0,,7,20130523
wPNIryZSRFVRkrfKfJPl+LYZi26VT0fgyVgzrTsfcsQ=,4,25,male,3,20120201
wY2Px8kKRhDJV8RhgoFyhvpgNTMm/kPrbBxQdnr12WQ=,13,38,female,3,20120515
ya+KMACyA12dUgZS8wxsGoQumo89qFM8IcLYWOUcAMU=,5,19,male,7,20131201
1xxlCgpyTc0eJ7bWOqjIQ45MyU1QBybc7ENY5+i4/Fw=,1,0,,7,20160210
39J/LXnbmozVGhXlG+lRr/RuCPMeuyr5b7Tm/LjkwaM=,14,32,,9,20151025
8Cei7Y5z1l8h4yhLKrjgzRjsLdBgMd9JjOGPC26AYWE=,1,0,,7,20150501
ACrLCiTh8PeinNHROg3cOuqUnPhs0h6KpptOT9p9yuA=,1,0,,7,20130621
Eoz+pV1rn8Z00Np03/xNklgQ9JyDLPMZq+KJwTQ+TXo=,22,29,female,9,20080729
HMfYhZtqbozAF54FMMAOY3dxZi7tnMi+AebB0ba/1Y8=,15,0,,3,20130202
I2O8VufqI9yuGoC890k1S/oRavZfelgijrBl1bs8IP0=,1,0,,7,20120303
JP/CC3cee3wFX09X8bmXlsv8Xx5AuCgEoYpp5dADiyQ=,5,19,female,3,20121007
M/VfH092zEngapOLJKcVUOqxQwaf4UfwN0eoaGPSRMc=,1,0,,7,20151019
PTNZHCnGSIUXDXGtQ59WXCSkAqrDdbC+tWTvsgDvp3Q=,13,25,male,3,20121219
ReBJhYgrjWgJ7+QtOjHnfm8eJSJSxZ2bJovi4FykpOQ=,1,0,,7,20160202
UqjSuAJAGmcOHGSC9xWDOGTEEK9E35N/a1c4fmJF7xo=,5,22,female,3,20150129
Z1+aXRFnXGbWX5Z7f9+lzki2KA4ITM75GTTjpvyVDyw=,1,0,,7,20160225
dWRGHAKPLdAnt7AJIkrN+zZOARy51ZDVTtvPARnQIy8=,1,0,,7,20160203
iRUvNvPKk1AbrxvKuybszzN9VvPzA8OWXXIiyu07Su8=,1,0,,7,20160107
ncaYcci/UP7MCAShOPgpn0++LRn59NZm3B8BUy1ugmk=,22,27,male,3,20150329
neSpnS7pEU16UcNay80GtNNgkGBMmFIqacWMwqi43TY=,1,0,,7,20160825
rPzeqQidmN7OebOC8w5UMYH8ZpfAlfFRRX7UXGhPhMw=,5,25,female,9,20110323
sKshxup6jehqJ2tE0R3GsdAU3S5jmNz7MugtUOTOdWE=,1,0,,7,20161203
+WwWjhfEb5I4JtgGr3P1s01aIGwr7xzPRxIPeFE5joM=,1,0,,7,20150227
R0FU5NxGk5fnoy3q2cJCpIDlv4W+clJ3kODiC14ppLI=,1,0,,7,20130726
YOXqhxr3Q3ybtnBvyAjUwxY02F8ckc9W906mgibhzd0=,1,0,,7,20150818
Z5KLUmv1lF4ogTDkga0YBQMcJC7MBO+FaChey1CyrFM=,5,28,female,7,20150818
hh4ZtrBGe4mqyvlbWAz/Rndhpn5+mkLnaPdQLxTlplA=,1,35,female,7,20101221
nLG6ULSGYp0qpUMQdmUqyVaSX+x5HOx6j3remHMbj38=,1,0,,7,20160414
/PUSx4+kDwMdSmZ7Kot1hMThgKA+4Lx7klIcEPczkgc=,1,0,,9,20160122
3BSSRD4jaULZL2QG+lmIqBbswjsFvx1fAauTdj767GY=,1,21,male,4,20160306
E/aJgUd8R4GUp5sdJ7XAhKy687iWCBi2h3rlIax07ME=,13,27,female,9,20120302
R4BmVHS7e7q+iICGz3AdH8llfPJKN9s69n4bp63hWEg=,1,0,,7,20141103
RsNvkEuGpvx14GmBwpC3Jebiiv6sWLve1XYu3Hv/Y5w=,1,0,,9,20160327
W45OrWzl4mvCVETkvESH19YbG3lOPpALCfHoO0Ogur0=,1,0,,7,20160829
WIHIi3brPvOjo1GsU5ldlJJw227V2CCigm1Qz1wUAKg=,1,0,,7,20151030
eiU18CZwX+tzG9Ror3JPcNs/xDSbjjzy+9H0a7/59tc=,1,0,,7,20150909
nGrX0fwp8ao5evRFVT2a3J0DLvHR4Ecl1iejiuaqCWc=,4,47,male,4,20151020
xSQkG+gtR8brx/33LFyQYQGgp2tiLKhRmDqVeK6InYE=,13,33,male,9,20150220
y7Mu7bMpEbBhvtQ4sjPRQe8XRZT4xYsVqyTwLAPMYXk=,13,37,male,9,20110312
3bVIj0VkEH+NGWsntNcr4sbpwA4TozztNycokxWNb5U=,1,0,,9,20141204
DxAV5HVD1IpFhIoGSl3sJPeOfe5DSk2kPxYnBvclsBw=,13,21,male,9,20150823
H1JWsfn/M3efaC/k5VL+WOe/X38x8nPZAZZ8jHhsGG4=,1,0,,7,20140621
OpRrE7NnG3c4JkdUuD2piLz6Qob99dfmDGHrLg2gI9I=,4,21,male,9,20070617
QoBxpYCuN5iwV7A67ktyEjbZGOlb3EwPJ3pcKFoPsgc=,21,20,male,9,20121104
Xmy5TdRi+zCWiVvtiLH5IKLskQF4giVDwtRp/NTiA04=,13,23,female,7,20120419
gXimF43CG9BTGJ3HW5KZTDSB9FD2lUm6dtUjPJabgLk=,15,32,female,9,20070423
jItBw/vc899LgBf2Hoo2z6cOAtbZ5XFHpJX9kqGOG/k=,22,0,,9,20151004
plNhoIw0JEgoj3ByncE22MYVIZQdPGvyBgbiBLWM+7w=,12,0,female,9,20140308
qo8Vqml8cS0H/GZo+6EesQb2AXx1r2hUIeotgK31+Bo=,1,0,,7,20170108
sfPFKfaYf5t/hVAfYtZKu8jKmXeXigahfUPvTKmTiIw=,15,38,female,9,20060120
xYtKDfm3zMnmSVrmSlIUBMFJ3A+acDsqh/V8Uqx6xYs=,1,0,,7,20130709
+s3jJdEWKI0aVm/aTtJjbl1/6m9T+Fdshe1opAtZTy8=,1,0,,7,20131106
0+s3q5GSv8n/qt3AyvHZoGJaImab5DGrIxgQQHoz9V4=,1,0,,7,20131106
05Hn9rNIh8IpAIaH0KJN9LU7vSkDWUyPx9WElYbb7fw=,1,20,female,4,20160201
0P6BPsWtOXSZFwsRb2ko96DL+8NQ82zleA+UFw1HVU4=,1,0,,7,20141231
JLZBKNm1KQRbE4sZpn4PaAIpSeRr7EGCehScUR3XznQ=,1,0,,7,20130417
MHsRguDB+Qu05QjR+MVy1+R7VVDWdOGIJk+U0lZITlM=,11,24,female,3,20150819
PmTGFxgq94oVGWaUw8tMbvPCALkwbRo9qqF+MQjpJaA=,13,20,male,9,20121111
eGMdw+sG095xYcPt9Sj8nwhArE07+BHS/6obHLQjHpQ=,5,0,,3,20131120
fZxYPyAxRe33LZrYPbiZeAvr3Zl3b+rEaSEkgDboNGQ=,1,0,,7,20130312
i6zqIohA9S6JY9oAa+kHT/z+EXRHGVJIwGT0mP9nrvw=,1,0,,7,20151127
mXARWWWJIwflSHA/I8j0C2UN4rUwugz0JEUYfLhb6Fg=,13,38,female,3,20140424
mgnZ6fjqKSyUHq+scdInvridtOlqHzLEopErkmwYsv4=,1,0,,7,20130624
wjfnxMgNk5S562UwXGkhY5vKGXO3nS5/QkMtVuNv+lM=,22,20,female,3,20150918
yX8Cjv1OfGmUp3RxJhrxPw7TiGIf5VnW3d7SaAWB8gE=,1,0,,7,20140426
3sn3uwFf6ScYjYefqJkMGekFIm9+yJ9TJuJ6VkqEIjM=,1,0,,7,20160131
87cQeuhrTycanfnhwiRR3b4PXNcuwoBpNU3T8OT46B8=,1,0,,7,20151203
8nadoP8PAJqjXkoNP26CgwPkDh9otyz/XHbszyK+2zo=,8,23,female,9,20141026
E5ZnXf9XhxgaJNjDji/DXSBarBryY95UiPqOnt74d0I=,1,0,,7,20160512
RcjSQCkioOO0b2DskmgrwZeC26sE7JvLzi6tqdfqTBI=,5,22,male,9,20150312
SuXWVM0kqkGLANGNYhEt6F+yB8iOccRx0opmrjJvS7s=,22,36,female,4,20151128
V2+MR1q2t52tKPIjNrbzpdTdPQsVtmSzfiwInFu51+E=,22,28,male,9,20140130
VDi0+mx/1Kz0Hj/QXOJi0RnXCeb0Ud45d6Hk7OCoT2U=,13,41,female,9,20080827
W7xSKbknx4pLYM4UchE4bT+qPRPik8DLs84uMuGqlXI=,1,0,,7,20151027
dXsQksyueOW/Qr0q5AO1tHNxX0AszzuSE7ZmwrGJZc0=,1,0,,7,20161029
k+k+10sM3a437rEhitbKO/x8R55wllqM8jHWmwTL6Bc=,1,0,,7,20150709
ng3U+RYZXzcmUAhVNp8BSwln08zr7eZ5C3bdc6ZKqns=,9,51,male,9,20120109
oWBeoBsfCL2b8B9358/61WA7arAFHTeb9SRX2zbwGeY=,1,0,,7,20121004
q8tJ2/MqGA+Ps8ZTSe7E/w7xd6Sqhq/Dj4QRdUSKRs0=,14,19,male,3,20161003
ymoJ+eS4utdBSb599KVOlEbHlxaWsfpOOdLx3VsmDBs=,4,22,female,3,20130123
1p4V9/WEUqCGuyfLlIxSyTUwembRfnyfb2fXFcHialM=,4,25,female,7,20140213
7peM5WUJtkr1njSk0c/eaa9sZ5WLC2cZGlwmn1bDpcU=,21,17,male,3,20141010
8xAy4oQ0quNxxQ+eDH2IFbYjhV117PZoZ/EgyVZywho=,15,35,female,4,20160320
A77ajF8y/jTvlr05uAqOK2QFSUD2L0kfysHm7wEYF3c=,1,0,,7,20110505
Hg+eBkBW6azCwOEvkKlbk+YkH2zqjJN/0ELiKvQge3k=,1,0,,7,20120105
J4Ogx7vzTJ4LtFgj9nAUofyqhd+nHT8CyAqSUBFYO0c=,12,20,female,9,20130615
MgSYgpjYYDZ6g8q7zWMGLKu++ZGsZvwUFb0ovarM+aw=,1,0,,7,20131221
N1BwlVa091lRr7zpJsEO8UoVfJBYmOvPGv8KY6hWMPE=,13,0,,4,20160105
TOHQaprxSoULmtgljAhVutwTy8HsUU4iOV2QZYmTN6k=,1,0,,7,20151129
bIcDWRiFWFmuyQrOJ/J2neZ9JcQdtHqYdwWeR9yFiCo=,13,33,female,7,20110105
l12j05udaxMH37qBEH8OdOE0uJTV+IABlbZAOFeAX+E=,15,32,female,9,20070209
lIn5rdz+aBMW/5RX3ONAFIy32o7qkH3g7yvAVQRrTSw=,6,27,male,9,20080717
mOXHEPE7lNe9T/B0PCTK9gI/qTx87GG1CeVIkmzzPWg=,18,34,male,9,20081224
wfnZyomLQlOdshMqLExmb96+Yo3cAJP2rjZhBwvTEKk=,6,24,male,9,20070419
/0E+WcqOmQrb7ZtFCAQRLPT2Q8mmChn2dec5t6I251Q=,4,23,female,9,20160122
6BNXPisPwGDKjiTRQcEZSbP+BMyNQLMga9CxVcRW+14=,1,0,,7,20161023
XmUTeZ4QHM+fHZ9FnWCpC+/5If/gFLs27wvdf6UamZU=,1,0,,7,20150912
d43dIsWkGbh7QnWKQ+uFyvsyR77m7pMxdy0KKW398NQ=,12,24,male,7,20140611
dTHRkWNyBt8f3eieJu3ehBGKyfWZib96Cz0/oBqXaqo=,6,0,,9,20160411
gKHSe9FdqpJZfyHfuUuQ2NC5nIzBRZejtgBjc6g0h7c=,1,0,,7,20131209
kowAEUsB09RI5odQY+RpDepHVkC8+Agi2ZF8MTV3SbM=,1,0,,7,20151114
n7xgXeNHLIudrc0IeH1G7ork+b8L6cLjxxs1Cghn5Zk=,13,23,female,3,20130118
p13cuzTklM0wXgS4r7yPb3aHsKXUcPbkZuKm5MdbNJA=,13,31,male,3,20141108
tO99kpRKqV1NTNSVSuZy8ktRKXDhrJ8V4Kh0WF2fW/0=,1,0,,7,20130731
3H+VA+/f3wm/jQkbM7xeG9W+LBmun7QFMC42mzneni8=,22,22,male,9,20150607
4Vl8NBSknbUQdpZ+2U4gxoGZOMP+tlK6QoswRQwe+Pg=,1,0,,7,20110425
5TC99e58fcAQXtS1KFaU56M2dnsCJkKklsiSdicgEIU=,4,31,female,9,20080831
8YTZA7hpa6f/pfdlXC1R+MSmFJiW0L5PW642vtb45Lk=,22,26,male,7,20110628
9DQAXbmzXOQRNzm8ZENGwEO+a/sZaYFGdg0S5rvE/rc=,1,0,,7,20160425
CEsGnfK3c+PIhUhRcikG6QC+UpVZNw+bVdP7WWIr80w=,8,36,male,9,20060304
J1Eg24R5ycEXFxwiN4XOkWKSZMr040rrPcjk8OqB1Ko=,1,0,,7,20160117
RgWAQSlZhW/j0k5FIou60Hzf32DZasHFpmGVO1Srhos=,13,37,male,9,20111207
S55h6e5yZckTE1YXPtRM4WiI2w9Ymgv5LaWeXzLpbOg=,15,0,,9,20160816
TBLWKNHLz2uFSKSL/WX6XvyDVkMIYUz3GbcJf6ojAmQ=,1,0,,7,20160106
fV0zvdSV/XiFSQi6kPL5+uyNZ0sG4nZT61UayCNl6sE=,13,39,male,9,20061122
uSMplM81+grbH8kxah3teTiKL6bKDvOgIKzFivJ0d4g=,22,22,female,3,20120609
/PhKPEPcGTIlcGZBXwuzpolV/Q1puq7okouZGO+qPwQ=,9,27,female,9,20051106
0Y2WTAB1AZsKDHyAgC3jHco+8A4IC26n7YsarUSgzuM=,1,0,,7,20140717
7tdrKfdX+BwnX98bkw4bpbzeKuRF9QfE6ritOd0BorU=,12,22,male,9,20160124
FAO3rAMCkW+91xwT3qF6OOoKWjb/Vqc830kbinaBDEQ=,4,39,female,9,20051023
HCl7JS4kjqrr2sKkG4nrr6WeLp3KIR7mCWo2juRQW+I=,1,0,,7,20160106
UQCngsVRmf6FnK8TVS54rff/ammCkmdErxJ2eFC/T50=,1,0,,7,20160602
WpZjE6vwYAPJIKWm/ebBJG3d9tRxZog95Eyy5opZY04=,18,25,male,3,20140215
X4HegEDmNJBDjuDVKWNxcBGQF6cbEOqTpkbLGAeoZqA=,1,0,,9,20160917
Xyx2oVs6nNT1kNxm6Mtekfe+ibo5ads4bZKXpTkXfkw=,15,32,female,9,20070604
h1oqGdYH+DAFZdQfUL44acb6uRgEhH7kEJhyIX0tyxM=,6,35,male,9,20040330
i9YeFrCVYGt4/pD3wI8JPA/34uFc2L2cskQSSXLNswk=,1,22,female,4,20160511
s4H6+R2BHS2Xv3zF0cdF8+ztE3T9OgwjOW08jHZzWg4=,13,26,male,4,20160523
u1nKatxXmIh5EozL2DkWkYslt0xdvJA3+NX7rD2+VnY=,1,0,,7,20161001
wjplcoadIucLqWbKBeqND2MGMu0rvhp7FdxBpNdPqVM=,17,48,female,9,20041024
/ZQdQEMKP0WcFy/BQc5yvYDQJZ1+pIZVyg3oDEKfxtY=,4,19,male,4,20160728
C2VXJ1hoPaZD6+m9x9UWxG8jXmBHnK8RWIEpbdCXL5Y=,1,0,,7,20130115
JJuFUgTg5/B4bqSxKOWUIb7FPS/EXQHbHrrhoxIV9eQ=,1,0,,7,20160111
OjGfGyLIqoTKOBt9DbZMBOCZ1C+XDvXBW9KEDP8XsqM=,5,45,male,9,20070131
XfxK0cQLCL+bckDws0IDcTv3IKpKSSy4R5EpQ7EVxQQ=,22,42,male,9,20070521
Y9aeLIRv5N0SG1KR8q4Fhg1951tBUqvzMYNJUS06jDw=,15,0,,4,20160716
ZplesT1oThFLbAtKQifKH3RU78TYIowVDeSzCJj9V/U=,15,0,,4,20160226
ldKS++29CqX8FK8l+1c1TajWQkQ9W+F645pxyiJ+OZ8=,13,21,female,3,20150513
q4w+WA4cUFNwh2Ysuif1NBWRWBqwz8AgJTaIo4OKl0s=,1,0,,7,20120718
rkwW9K+OpKxc9B7dDcrrclWpbSIWySZ3dPsIGKrxzp0=,15,27,male,9,20051215
3x4uLajm30JLnenzCvsCRC5Vp+zXqKFhgMQ9LStxXd4=,15,29,female,9,20120529
E+tJ261vpt1oBn4jiyZCpOfQT8H+GmsS6PMOoDOVQ2c=,1,0,,7,20160604
bKVQ39Yuh0PXqybc+FDGbvjxV3QvdQgFdtQH/O3Qh28=,15,37,female,3,20160409
iamhA4kMiFQCTOFVe2znwcHCF4eqE4T+Yjg/SF3XRRU=,1,0,,7,20130911
rSzwqPt9jTLGKGx+rRTgSWjF2c9kLbYELp0Ap1JVM9c=,13,21,female,9,20150820
t9vZsUgh+XvCdqJQUU0YeXxqEbcSfu0UJGkqSRBlZzg=,1,0,,7,20130827
0L45NtQRBv4QP/xJxvupGR2vxLkE0jlbMmozufgY+7o=,1,0,,7,20110602
2S5sLtKWwSYYToVrMAOFU0to055jOBs73ap/USNrcNE=,13,39,male,7,20101022
3UDKY4Qe9DjazKZk8KjqBS0n4myBH5KO1NmD5Jteeng=,1,0,,7,20110111
3zSXk9ZBpkiK84nTxLkKUk6woV8lQCKbIMR2i/2Tg20=,6,27,male,7,20121202
42QB5V/ajsNMiQ0V/3vjuQhvrGmHsx5htRggxebGDGk=,13,18,female,9,20160225
7rYNshCXR3mkI6c/EnvWLMBTOIBVY93I4SowgFSo1TM=,1,0,,4,20151212
HNzRJPvGK73VGQNaaku6oDCiQyYUrm18GCaIzGqXNFw=,13,23,male,3,20121215
U2+BouLN2TUGQrvsry8BMy62QgSux5eFMkUianSlBlE=,6,0,,3,20130122
VzhSOBdDMGQ28INsxzJEMUSp7EeCc1TPC+QAF/j5lp4=,15,21,female,9,20130912
p4NX1PvZcnUHw/PJvWnGBUAe1C+g/onfVMt3Fa7SdyE=,1,0,,7,20120222
q4X7d1mckITAVtTX5yYCbQfLXLeFmgi0OF69xTW6Ezc=,1,0,,4,20170102
r+rVxCZTdcthgVX06J1mX5V6WVW8uzcakYXFQwThZfA=,22,30,male,9,20100607
sYhhWflauzrW4PKr7dQjDIWN+V9Rr11YMWKoYIcIwOA=,5,16,male,4,20161112
vhojFNNaxQqDK7szLxSTX4mp2NLFlOxXJ/qGQxD21gA=,21,26,male,9,20050907
1uEpAR7FBq7Ng+ktlwpmqnDSAF7EFPjkDfGX6TNUfzU=,13,41,female,9,20051111
3x+mEk6brriO6UurqfnwDPLaVGe6zFTu50MyXP3u3qs=,1,0,,3,20140623
ACMD3WVn785CwyMgW7mdXeC76e+sZwc/Ok+WiePYK+U=,5,24,female,9,20111122
FAsUjNGVLfxev1HE61UvSp3jBHfAW4nGvHyB/kq1b1Y=,1,0,,7,20160618
GqmuMZMfK9CjJzt+hqRwKti157kuCgMbpJaFV8OUUVw=,18,20,male,7,20160507
Hqam66mJx+EiOJ8TC91Z8c6ZnMVuyTzwiGpUzg4FMEA=,8,28,female,9,20120530
I1pWlncn0+8bbDWj0OwLcgUtNEdOgQ+n2hRO2nDDQSo=,1,0,,7,20161217
LaOV+SFRiOU14zoUe4iexI8sT4HhMaaFVDDrpjuC4A4=,22,41,male,7,20120530
NtkJkJLReESqQbfoo3cWBLdorVDqIYu2eS9BFPPXPoY=,13,24,female,3,20120919
hi16flV2dLSau5q72J2t5Ah3kWYqq4XATvmBjtXho/s=,1,0,,7,20170122
iFikri42TMNUNyEiNAl5/MJNlKcRf8X+62JIIz8gxCg=,13,34,male,9,20041202
vmeSUHamzupiEa63PE6MTIziidE+GMvpkrVLUFi8Ads=,22,20,male,3,20120427
xhzTfBSkLH2d85anQzT6j5xLxAIBQ/wBPtHCZzH0r3Y=,5,0,female,9,20050525
B2OcQ3bIThNjnAJx8O8lfXFsrAzcPY/v/PYBgS3mIQg=,1,0,,7,20160602
EYhT3+3eVOxUxjLlm7dNpziPOUSZ4YX9nWVmv8HD/2k=,12,27,male,9,20120815
G3eOjm1xnR5mTbS5H2nexcpstgXKP4H33GZ57wioWHw=,12,43,male,9,20130115
TgBQhYjzuJabY0gLxoA+m32CeQeB5F/GDTZ/Of1UKug=,5,19,male,3,20140920
dMrHb2feY7K6zfVxNKHCEIEA7MUmnFy6U+pF2mmWQmc=,15,25,male,3,20141231
tWoPpGDWuhs6FuOyERJ9zxEtnj3QdhxHZUEvDVtlZ2E=,5,38,female,9,20070903
wBHSH2OrzkfCnznUxqiGkkP4Bn0IaBNHVAfLkar6YIc=,13,0,male,9,20141213
+v01ipIHmDytYNZXlzDQPKnW6nbSvP8WQHq4hulRCzA=,5,26,female,3,20150224
3vkEz/dbm8+5r28pRymkA5wANbN2ZvRNx06+0qTy9OA=,1,0,,7,20160915
45gNNtGC48ycle0xmaJD6zkxfMxKyRGC3tprYdLqg50=,13,27,male,3,20120726
4zhfZvXC6meD5Ku03KHdWaPpSnYauXRxC8TV679fJKU=,12,29,male,9,20060912
ACLIFeo5TXpfxN63FTE3MGOGhAyu8mQHe2KPWIoL2X8=,1,0,,7,20150804
BzMbdP5H7kG9CtqkAYYhcSJfLLOdKkHfvB+EzhAeXAo=,1,28,male,3,20150708
EWQLZSW7UIOPhypu3BjZHT5au6FRjMB1nWJKWJRY2SM=,1,0,,7,20140328
ai302uDwbMb1eywJ3NEiEk7jlXdUgj1g4fkLFVt1YmA=,1,0,,7,20160705
dmXF9vOAtt9i3h7hYZJnqaqKaUv8wLWvLONaQZTAVXE=,21,21,male,3,20150114
g788s+FxtBQuRix0YMgMdPy7yxQmdaMczcf1hJwTV38=,4,20,male,4,20160221
qLp369ON2FXuiP+sC8LwJ1w/GmUF9zl04WGYPjr6+qM=,1,0,,7,20110109
r1mPKuGW2mvyZ+ZGKgTEceM/VG7IUCEY6itM2iW3euA=,1,0,,7,20161018
x4MpvJAQhRd6f375TFVYDI9xUwDhFzDXry9hWGIwVb0=,1,0,,7,20120609
2FyBMj+1U0sC2WfO2YV35fMbwH8GwKPeX19BCb6Cdlg=,13,0,,9,20140313
83e22AWL7UATYQ3EyS7WQok5nPxgF8LbawIVBSSjvAw=,1,0,,7,20160424
IzmGuPJsUi+8Pk7xGIWHdsLbkagEUCNemVArscS7ndc=,1,0,,7,20160806
QH49u94ZHkcUMfRfiQ44cbM3A0B6O4L5rLLfQWWB9aw=,1,0,,7,20160621
QuBOB7WXtmTYJmWWrfxi2i5x1BEMfAGkF/UfR9YpfAA=,13,0,,4,20160902
Wk+V+N7Ogpw+BOE5CWpqEmuc2sVabuVC7oosexLxhKI=,10,32,female,9,20100118
YVjl08lI10w60Yvs57ftdOP8HFbec2tHKXG2KA3JX3Y=,5,18,female,3,20150903
a0KoMsDoCpe/KhBFqUxg2Stq6PBLDcgdtqn8PStf4ag=,22,24,male,9,20070404
eQzw0A9YnO9GdjGpddy8xff5ZwF6WUP8LboiiXcYk+k=,5,47,male,9,20070603
lHUPnEB0C6ZgGq7K+dWeQzBQmHJzxV8Tb38NIGJJ8MM=,1,0,,7,20130718
pzIcgDgXvI4gU1TK+Sm+W2yftltV9OpIGsm7Hx2Y9qk=,1,0,,7,20160906
r8s4DSnGaSSJBXpQJ1uCSHhC993nCgVTmcPiSLoiK+4=,1,0,,7,20150814
sfaDj0JXBPHRN7JHE5y2KNpiqhbO1S7uRwh3t+rnf9g=,20,20,male,3,20140609
wL5T9zhVmDdUz28l4ZEm6XHFLSW8FtLGx/TadxbfBLA=,13,32,male,7,20110923
wwNaMAZ55sEVHdeDI1BeXN5xWoDGYsrp8fukBEVPGwU=,1,0,,7,20120830
yP5769wVRjkjhBqmgcbadZ84Jhbj48KdQ1/qnVAIW4Q=,1,0,,7,20160320
95cYLu672EawpRggbyVNEASFBMJl2ImPrKamRIVPhx8=,1,0,,7,20120227
HqQ1wQQFrm9jI6PuBDtnocAPcRAhohV85wO/jpJNhA8=,22,17,male,4,20161108
JFQsHUv3xzOjyaHHe6NBZnniHUnhMLQh30CZGyJaMdI=,1,0,,7,20160820
R7GxCR0k8PRTrKl+YsAq5WSy34Pty/ecPzYFRrUi+fc=,1,0,,7,20160531
Vk7X7aY8Oshcpz73OFK4/iYThiqo0xcL7aiybGFo7gI=,13,30,male,7,20160808
VuXXYRjKwnEUzIsw48B49MXvZYatXh5bOSEGzmtd+iM=,13,31,male,9,20150507
YcZfRetDvFSLd32L6kSnaY4kW9DENu4HR3GJZsPuF3o=,14,20,male,3,20120114
iTJeUQdCJslswxuq+DAD/h6S+Gp9W0Jkmc2yg8r6gc8=,12,26,female,9,20070530
kYiRwKLwt/Jd582+wDJdydpEXAIZD/tkf825IOOC38U=,1,0,,4,20161202
kudYIO+YheGhsEE6U2LM/0thoYX1Z++s208E2/lvnfk=,1,0,,7,20160325
lucqMZ1mzohwuBJWXFgz12kD7fuCAkNMHHc5nseW5qM=,5,47,male,9,20101221
qcdmUOcEAUnBZP2eZ8SWazJEuCfgsoWNgxV+sAk2zwE=,1,0,,7,20120701
xIo1hCOo8Ad8nmACPkE+dwUc9XDUPqiZ+U3GfHhg5HM=,8,35,female,9,20140307
ybrps+qHDEcc1DlZ9u8UpCoDgzZPNRxyfLLXfUR8Wbg=,1,0,,7,20150807
za+WXP3RfvfJaVUohPnv4lJMuWUOYB+qAXeX+Hi/weM=,1,0,,7,20161218
A0ABMrVDqzFmtog9udu75AXL0XqP2/Iblt7eWoQqqSs=,1,0,,7,20140821
Rj6jMufEnCGcag5cGJGSl+YP8TcWtWN0NUiskqN6MAE=,13,27,female,9,20081023
U86AhM7rp5REfmGItxS08LQSklQhAwfK/AbWLTsFhLM=,10,49,female,7,20160719
UbF3aYkGw9G1sx6P8N4XjQYv8ahy/kKNybxbh+jIuDg=,5,0,,7,20130115
X1iYVYr5BIWZVlkUPM+kOQbXYWVB7Ws56IZ/VsnLEtg=,1,0,,7,20151009
YanHPb1H4u6LwFAW021O0gDbt2Tr/GkPVUGPAlA6y0s=,1,0,,7,20120725
eF4QQwOpyACrcYESxiR78zbZn7IWmcQfIIKGuXdd6uk=,1,0,,7,20161122
hmEIS3cFGXplwK+H8Bw4S5DDE4e7qjWYXo+ZgvSfvlk=,22,19,male,3,20150327
kf/b7lbOQcE7MHr6di8L5deXTCjJ2SQcYzefw+/jpRY=,1,0,,7,20140310
mj7pKN8xxERrtvekxKvpMPQ9kFDp3Wks3qbf6tDhr+4=,1,0,,7,20150829
olXN1vtpUMXpBh6n5+T/TsEY5hDm5Y5IRq5KYDHhV+E=,21,57,male,7,20160609
riYVTeHOcw4iJBOsQREgq7qfeNp8484XZJWDquYYpAc=,1,0,,9,20140706
uLG336hX7+gkG1x08pchYq+U/Jn+IfEiK7UIwZoXu7M=,1,0,,7,20160108
2uOQBnuzKfwcP8qrEFHE9k0xJtH4QmnxZ4nQ8pOveOY=,5,24,male,9,20100403
3wKGoqKV0SCL5L2jM/lys92LPzJP8ngf0kbRKIQmfv4=,1,0,female,7,20140304
4WNsls3Ibvf6n0zIkSQdGd/MGW5zF9hK6h3V6JcXuWM=,1,0,,7,20150730
8/rj+rHUNrXkcMX/3iZ+OCB/W8MEyp8JozMrzRkolNE=,4,31,male,9,20060303
BmLSjH1/ObP386gw2tcUb1H1VUxEqlFjMY02z4MbdOQ=,1,0,,7,20120509
CIsPtG5+5pzDCX+JGh/hzg/CTOHTBxBHZGuzZX+bm+M=,1,0,,7,20111020
DyzUtk5YAZaSxbK9LBSC5TD/t7ECYSiF9VPUKL0nadE=,12,27,male,7,20110624
Jy/YEyTC7PeV4RP0M+uH/lNAtomYMeIfbfy29CXcAFA=,15,19,female,9,20091227
TT4RyFaV3Y9IjoYr6pJxyNx5UaaQa1dytG9KgD2/Q0c=,1,0,,9,20140920
WdfxXBQo+bxOmFAg57iaJJn6OhUSXGMSWdrG2LjK6jM=,4,19,female,3,20160505
c2fcMpRq8DLfNEM/tT7rBICIAJ0WJZKHw9CKnVfeWp4=,1,0,,7,20120117
f1S1pUYuP/Crd+U9vzm8QakjZpK5PJLSyaRF/3vldso=,1,22,female,3,20160726
lvZzPvifUrGufpxFXu3wvzjByS4BvLm4CuWM7Uhm3vQ=,1,0,,7,20151210
pthb5Y0amP0D3TJcbhpCL5g6fpTjhjj6JNPSUUtYhUY=,9,31,female,7,20111006
tyJP2ZrfY3CRKALh67GGE0HqkxXBoGnMJyqr9Ia5zeE=,13,24,male,9,20070901
6aytNOVpeZMoFqu47Cctvw5DmkydvxwTXvsQeOJlXvo=,1,0,,7,20111221
iDWx6stKOaPRv1VuFFmR2ktb1uGU0p/Ok/X3smpwC3s=,4,24,female,7,20161217
oyIbYlldwpg0XbBfMRW6NvkKTnkuFONPrwz2xTjD43U=,1,0,,7,20130116
v1HXB+OgtLAnjDjnsH3aK5hRp/PLkSZ2cEQcx9DW8Ls=,14,34,male,9,20061022
ysKyi+YMlxeJmdJ8d67bozwye7EJL/vle9MZ2XpnYDI=,6,0,,3,20130707
zNoJ+yfm16bfn47vIj5zBQxlsxGAGkuW21klRomAXYI=,15,21,male,9,20140907
5hhVPUIpmQjQODSv7qLtwOHTj+PQc6JJ8FeQCVW7Yr8=,1,0,,13,20161105
PBfo4TCyjgtM5wqeK2sNEQGafdjrpWjvK+WmxjFjZAM=,20,26,male,3,20151012
VX3DRi4TZsatEjtAjw/RqFIIBBi4UKcYNXuXyd1cUBE=,1,0,,7,20160508
geBz3Kk6Z4RaX+GChG2s1Xh9Fhr2anvffmdzlAt0yVQ=,14,0,,3,20121006
ic7gA7JPV8TJxxuIXBWpdJ+csrxlmgkMKUB6bHsHbPQ=,1,0,,7,20170114
oHUNuIMH9gvM9awu01twGsHIeqbi608BkjQNdpqdz/E=,1,0,,7,20170119
3hRn4LhZ4ezKtIppzEMm712Od1toD4Cujgp6dEiAwVQ=,1,0,,7,20160411
CDwHRU73hzq8WKbpmP4BG4EPkgmgYd0ATnPOEr3x1A8=,1,0,,7,20130810
QTyf5RSXxFIFAIwFs0efD53/A15oh5DrQzGhUnx0M3I=,1,0,,7,20151210
YgiaQYK7ehVq9f6ijl+HC0edpACxffZ377jQi0rDJxk=,1,0,,7,20150329
Ylb+T9ComwWAB06jegmhKAiCQ5Em20i+d6fj47J51j4=,1,0,,7,20120412
d0zHc3OTOvrKSy+dKXEPVTOmuss/SZNgehfbjd3p1ok=,11,0,,4,20160102
gp4M3+Kg0ZuIrT0QgQHjGEIBLPG5d7sh9Gx7zQGM+uE=,4,39,female,9,20070829
iIsAYTEVBTifcXk3NVpOte5QdjGrJ+e2/8FhG0ZAiZM=,1,0,,7,20150911
mlnPbn2Oe1ZM0RPtprgGSb459ghrx2q5FVINNRVZvuM=,13,18,male,3,20120307
p266nl5mSNU/1MVQE7xm6mKOZchI4mMCgKbd9ICNWlg=,1,0,,7,20150828
pf2idno8qkoYWNykv6mpy5XdVSDgHhgrGuHLIHj2ZxU=,4,0,female,9,20140907
+KPhoOB6l12ACM00c39PevoLkolLzqTwo/VLtPlP5Ko=,1,0,,4,20160521
+WiZkfIp5sDsf0xZvBnR2j6Kxi1u2k0t0mJBJqhQIJo=,13,25,male,9,20111020
0kt/mEM2LAZZv1Mp4d66L0ptpNUxToWYnZ8bzeeeyYo=,1,0,,7,20150807
1Ikiaf5k11nLSbT4IuoILToE84IntuR7s7asgHRFd10=,5,52,female,7,20130213
AacwyeKmVb82gHaxbN/Fyt04Srp8v5pjBGRozpiAJ/s=,22,33,male,7,20111230
B7SYxbVYZXUX8kfmCcbXoHWTBbcrNSQugwEa6KX14Hc=,1,0,,7,20131228
Cwfdvj/7dAACy0vE6/lVVjU82BHv7Q736Zj3HWnmzg8=,1,0,,7,20160102
HEk4dBg44ZSEFwaaxwO42DBm6EptEHqW1N/YkX7jEpQ=,1,0,,7,20111221
OG0gQavpxv8kQDAblTAmaJx9/3iVK4Ii+N8vH7kK0ew=,15,26,male,9,20050218
WuUziIZefsE/aCRVI/8C2Xjh/WBA/fkJvvxjHeQc5lo=,1,0,,7,20131015
XzeD9M5f9DBl+feICUnKIUtmeDKzcqVeA1bD5Mrj9N8=,13,24,male,7,20120209
aZfl5jxDxGBjxNaDRKorpysrIcI4WAnVE5mSPtJUMbY=,1,0,,9,20150412
griIRVEgEzxLgx2PZSCAcrR6nCVap4jvunhkQ3Pu5v0=,22,0,,7,20100427
iVSw5ZeS1m7lgXXviu4dUhzByZOwTt5OO/hJ5TPlMy0=,4,29,male,9,20061010
kHJwzVCW5uLjeh8J8tJbczoGWfockuKSSqQcGhlySG0=,13,20,female,9,20150814
qXd8FphlBfva43Sk52nUy6/u2mJRGGfy+d34Ald/Rgg=,1,0,,7,20110712
uRwda6wRcMNpxafHKOl/Ce/I1pZUULNDVFVKK6tTNRs=,5,37,male,3,20141015
wNMK4565LcoDWBI1pF9Z9yiZzWDh5DHIwFH1juakdMQ=,15,29,male,3,20150718
2x1bJ0lMJLOe3G0SqDq6NuV8hTqB8y2cedP3YFxsfgQ=,1,0,,7,20101206
4M/T6ojq+bIt0MU+TRVitPkvI2XWXkIZFIyKYT0mo28=,1,0,,7,20161226
9XXi1k4JbkG5ORxaAnjXgJt+6GE/EJyYbE1Nr+1xBOg=,1,0,,7,20131022
AaVrSfP7W82kRRiyQkCtN20wmyPS3lMqB17JSEX94Dw=,14,20,male,3,20161122
CdTXnuXmNiY7zuEj3fcnVFopi6VBf2EHvY//t/9xg1U=,1,0,,7,20160102
D465ARUGSLy1XVWrtyphxZurHeOc0QoygJbdGO9y0Ms=,1,0,,7,20110905
Lvs5UQEGv7KDXga07r5kP9KTijJFnrIpptOpZYqR9ZI=,1,0,,7,20160306
QPjwuCHiO/Vx4BsFVvqMKT2oaIOsBndn8M/xN/jw8+k=,1,0,,7,20150901
TpX904WYkFDtlXb+YJP+2RmAwD7eq4HlbIvc4KTuHvs=,1,0,,7,20140122
Z+oQ2By1qVghRrEGBEhaOkHtfKq+5W84G0IMw4RgW7c=,1,0,,7,20140914
aQRxEn70itENrojWR1BhWvpXbWWc0JH6c0NYNQLUFpU=,13,21,female,3,20150126
bk/fiyqer3nm60XUrXOzIlRkuQV98/6rwUq53tadn0E=,4,43,female,9,20100813
gxofhNCcF4jolbBpr9Fsppjt1ZpymKerZFIWah+CWaE=,13,26,male,4,20161104
76dTXqHob4fCZ3AJGwC2yj2Mlrv7RGyRK0LgF7GVXMo=,1,0,,7,20161213
8amWNDrngh6BA3JF/MkSAhCwQak9Ysy6p659w3g2ltQ=,1,0,,7,20161217
GJs32rpH86FL+Z6g2zNlCwigDNaJyKRX5/aR7P/kwKc=,18,27,female,4,20160820
WFoHy5XomT30zI5MNO5TUKEZIHJKGCO+/mJsgTH+wss=,1,0,,7,20160501
dT3pv4bcT3uXIMncGnXiOqzMqtgBPzMePR34AGbzsyo=,1,0,,4,20160425
fPHhKSJzDf7U5H62eaq11wMbUqaAcOnYkgkKSljq9UI=,1,0,,7,20160717
hB5RKeabW6PDRSIOuzfwsVBqu218GYhr5Gxw+ovSW8k=,1,0,,7,20151107
jG+EIO+xL9gEwSCwCQ3AOPnTtvWvwG+VSDSPzIi9kP0=,4,29,male,9,20070208
jXYHnb7OmtwqLYwS2jngGcHKas+6QABcVe3tkOyBv3Y=,1,0,,7,20150819
pDeyRbi+MRCUgf/xCbk4EMqlS81ehf6ySgWzE6XEF88=,1,0,,9,20150626
qu/zZzcEe8FR8b/wEuYBKuLvvXzMhq/iT2D3ASZ8CTQ=,1,0,,7,20160820
r8CEAieBJODFO1K6hMgQDPzxnhjGmJgJXyAVfTKfoxU=,11,57,female,9,20050407
szaC6vH2PoucLzdepnxlRXoTCMwUw4o1SntXc+QSBbU=,1,0,,7,20160926
tV+1SaxlO2osxX6DhUpMbkvK5zpJF5CSJuxyJM+K0V0=,21,27,male,9,20110712
zMHkl+7/YrQBJWkt3g8mAwZxxTX+yob1XtsXptKNKvE=,1,0,,7,20130303
+eJfBCmskN8rbGvvwTuU6PAB5yLeY+EL0n50kOdHDkw=,1,0,,7,20160225
/61sw91hwiQwLQ4oY8Ag2m0bdsr0HjnQfbuMultgd/U=,1,0,,7,20151024
/VivPNgb4jM8lckjqgMoQ11d/ToQlbHugl4wFpHMp8o=,13,0,,3,20130130
3bppA7XILtvdhzVsI/UwjFMu1hKuRF5dCu2YfrZ73DM=,1,0,,7,20160807
AyGUBzHQm53caMNFLUIAbVyLBfngFNuaSrgl2xdgvDQ=,1,0,,7,20121114
BOWulv9XUi0uhveljgiY9Hv9fqwf0c1LBrpxyCTQueg=,1,0,,7,20150927
EDC1gOiKZCOKBVhcoZhXrMrn5yjCOuCDOhBfLlC2zMk=,1,0,,7,20160116
FZ5qiYtVQawRDGHb18MbCPqw8Ojpz9+6ynM+iyW2dP4=,13,21,female,3,20120801
IxXB8We0vjs8Gf9l2ZmO7Oqb4gfw+8aMK/8BDGya5Aw=,13,17,female,3,20121101
aSJQaZowif9EkJSU+hPbs9L4AeJdTuxTR1BXQz+LR7g=,1,0,,7,20131006
d93bUaHq8MvfgLytDB+XyirE75/EncHhNbOTs5MwcFs=,1,0,,7,20101112
e3hlnIRurT3dvN5KRI7YEsZnXax9AWblZMEJ7EMpq4I=,1,0,,7,20101014
em+3Otle73cxpD6lWWllz3BneQiAxH4g1hwEi/v+MHs=,15,39,female,3,20130301
hqjr4D2xBA2rNZx0h9kIz7sZBbnAdweHm0r/YkClrSQ=,14,33,female,9,20111104
nH7LgLxxotY63xqoa/7Nz09hpsoEqmHlPeNqAPpE2nk=,1,0,,7,20120105
vn5a3XMoqSHLVjEbx4wWVYGOdNmJAEwF9daSUyuh2WA=,1,0,,7,20160627
5tAKnCbVbN3iXprzs8XJKHzNEBL5vJIjnHaVC9XVANc=,11,0,,7,20131128
EBv6fWsMt0T/YNlBX16JpuxqqrAav952wHsvkYO5ldc=,1,24,male,3,20140919
Gahj8/71cgcxjot3272rpRp7eKVUz04LiOZ0MxhGTXw=,22,17,male,3,20130119
JZC/0kpqzltASxFT/70EPmIJQIPukRraS1u+U2DVKLs=,4,26,female,7,20120529
LAlhGxPfo9Oxi1L/pXjIrgIBdkzwtGePuANpJF/8J9U=,22,31,female,3,20130221
LSA9imzIBGgPaKyWYzJL4X24pWW03jgzUfY0qm8Annw=,1,0,,7,20170121
Z5Pwhhfd/3QyapOQWjIg4of3cCVCLKIqaUWOcj7H2eQ=,3,30,male,7,20151015
cCwZPMMPqHw7hjmtFYCefAHN5tcGIgvrRIrFAwv+eE0=,1,0,,7,20150501
hpbgXBIBjZWeAhlF190ENbuj7rTJ8aZkHRskU6c37MA=,5,25,female,9,20080523
wkiWWZ6qjUZ9oxDZI/Mm+D8VRZSYb4LUIbtj46JNS1w=,15,27,male,7,20160108
46WqmqyL17TFLDtfiQ+au/8OsMowEuB7OaTSdGt+X3Y=,1,0,,7,20160715
HF1UQNEICfoZmxB97rgVJFUwQ1SKOfMnU72jtnL0SJI=,11,16,male,3,20161211
JoY5+qkgNyajLOd6X2M0IHBbTqK+n5Nz4MvtU5kxWwU=,13,28,male,9,20081105
JzUilWaxaX0oStqTexMu/bMyqyy0wFjcqrPiXtFF1WI=,1,0,,7,20170114
KCBa1Bdc+CFsO74GDTt68G/Bwzw+SyHMJDo8ssxoqho=,1,0,,7,20100524
Lf7+LjyVPfcdyYFaw+QjpssXZGwiCItkQsP5SgLp56E=,1,0,,7,20131216
Lk+GYfS9jhjRRJqMg/qTkANHcnGf97uITWeqWfiB3Gs=,6,24,,3,20130926
MAnmOlEtqkLVXrm9vkrgwIJYYFAvQM4+I1B1UwFzVmE=,15,28,male,9,20150120
OmOfqZr+f5O65HlGz09mxKmlXaSRRWlVkrj7V7d1Qts=,4,27,female,4,20170113
PdCIQrfmXYKShCyg2KK/DgbP3N07Ylt0a4A5sA+1d+w=,1,0,,7,20140620
UH4zPRM2s5/hZrS0ytPiGjK55BNJo3PjL3a/HmO+ZXQ=,5,23,male,7,20140901
m0p79SiNeYvg3r+872GA6cmIG2iDgltdM7lNtuV+1Tg=,1,0,,7,20130125
tJaH2srsibffqakJw533FotalrP9kLHGQ+ivLz+wd8Y=,1,0,,7,20160505
z3rwvgBtGQY54HHoMtT1ww/KxeyOt56JAvVOodJwyFI=,1,0,,7,20160310
517cHn1Cog0mpN4blw/iEBbBeDCmhBNGXkqUWSQm7WY=,1,0,,7,20150328
69zlx99NuZqbwkEc0DCl8d0+BI8haqhntZpoIUUupXs=,1,0,,7,20130707
B/FKJlGuE8VDzxAD7MPAwO4VZmfvl2za6DK26KseQsk=,1,0,,7,20130301
F8QjDNfaIQ6x0U6s6S7qM+XujDnmdbSuMy7Mk3CkD2A=,1,0,,7,20160718
HJHPV+HmgG5H6+W+HkS9FlnNwDA5xcOkrqGswaErMfo=,13,0,,9,20130618
SlHftQDyzXEkqQpwi7uPjOPUaV3pr4cCfZoEwVf9afU=,6,21,female,9,20141109
fS+tVGOC+G2K+BGxqGlA6RU2u8NjGwnjA4s98kNZcJo=,1,0,,7,20160307
psUWBBw/s/WMpfRUqBL3oASSPAlGiCuhlRS4TvpfcZo=,4,23,female,9,20070925
IxXPY8ai/z46hEy9RJIweXA41PiiOTKFTZnK8bJffxU=,4,24,female,3,20140421
PMnHeGDxJkisWm5YxwJkHFOWEIp/3ModBLeqXBvyRT0=,9,22,male,4,20160120
e0sEU45UDUyTKb8qW3CHVSG5HPn2yLvPlYl0tKl9UJE=,13,28,male,9,20080708
lxd/3YUNo9X9ZC/R89M+zY7gIswRAVNl/RZ6MgyDHxY=,5,42,female,9,20090321
pw4Vd6LQiI7JrT05IwZkRqmoWRl7v5BOWi37mMflm1w=,4,23,male,3,20141122
xw5+d48ABoNqKY+z/+FDi0oi44zn0O9NmFWtTjkAgaQ=,1,0,,4,20161022
/uDDIk8i0pqlwKQi/LV9AE5PQ2j5h3c/yOM+3rPiCHA=,1,0,,7,20161010
00G8eO5jWn2qWkzz7y1nqUppQrh8W7k0ZqLqc+wvtHo=,22,22,male,3,20160211
7kUGN2y3Q143+gLRBGgeOcYnE1LXcYV5NrAL/J/hacc=,15,0,,9,20150927
BfEBMXDQqnB92orkDLOi2iuDF2pmMX3/jbVueKy+2j0=,13,21,male,9,20150814
J8cKnGYKI6NEDkKAQQnPce1T9FzU5/FWEm8RJxn3N+A=,1,0,,7,20120320
NgOfMHSO90Vb4E6SmsTIgdoUIieF0AQfGp5UEZ2tY1A=,1,0,,7,20160715
PScaBYmPiMfXbBmnP7ZnnkFYtoI6vCf0QaXbcG6BBG0=,13,44,male,7,20160422
Q1JMMOS+FxIClJtphTQSXj+LWRyYLx7p10HmeE3lwVk=,1,0,,7,20151030
vCv8pQkVaP1FTCUSf2TOvNNXKvU0OItNBeDaH96MGfw=,1,0,,7,20160101
3CaPV2amahJHVTyYHEt5TgDMmrInVq3Y2G0bwBo5mNo=,8,0,,4,20160819
8FFr/KRAJaRcVTlGvXri9G2pGwSY60fIhdHvVgN9sJI=,13,24,,9,20140914
CtNH0g1gjvwFrcdyNZ5CEvqA2EKpLoPvTxM4s0ZF1ko=,1,0,,7,20160713
FExe3aHGzLLoNN4acmZG78/oOfnof8KBH3pe0VSG6nQ=,1,0,,7,20170123
H72szTTfI1urPx0idWjSbvaErKoz+g0/6P4FAA5lKjs=,13,25,female,9,20151022
R3xey31HPOOVvJsgsahzXuaW7UvmL4aulkctE7npEJg=,1,0,,4,20160807
iFtd0n8ZCqfnRqNAZ1983R68bKif7mXrQIq685SvMXs=,1,21,female,3,20150825
jCAH9cVjqQOg326gQyJFkaT0gxm00Thmul8ELGDOVO8=,11,24,female,3,20150804
lboemJ34FpAKQblcYyzDbPznG64gvP/9NUdPF3HCK/c=,1,20,female,3,20140819
0bBQAAjKePzCIiidqgUIJch51casWxOP6UJwfFKEsb0=,22,33,male,3,20120318
Is7BDARZD5z5LgLOfwuXkPLOMFDckMTXAD/suHYt3RE=,1,0,,7,20151010
SrNlOJdxRTqaR8rK7JN/tGF4AbkQNUeFmX+25WoAQU0=,1,0,,7,20130718
TOpPHmPpkv1KXuB8j3o5VDsa+RuVKUt77Xrtah46NjQ=,13,25,male,3,20140104
bbg5GcpVo7Smqxs3BhgMpz0oNlbeka5waam13C2TVwA=,4,22,male,9,20140418
cbAk8hchdNuoH3LUwo6ATFdmyZJQq5GjREqDOTxkELA=,4,35,female,7,20130117
cqbGjZV3WimBFg+34j3NrFezZ2DznHlBHBis1ng1fUA=,1,0,,7,20161218
eChCS9cDPvXhBtKB5Gbu4F3jO1tBAexKOqoY4IwsAt0=,1,0,,7,20160919
t+/OGNMlvycbG56M6SAJOaArMBJL21eSRMhAMpIIwbw=,15,43,female,9,20060225
thZkxKVe/geRm5y/W31+pTexieC6JqrpPovdXDJyJHQ=,1,0,,7,20160629
v5WewfGsmt2n3gI6lMO5qENBhg/5FdvqGyGcz/8dhfs=,1,0,,7,20161021
xld/YRn0jHM4xGtA+kWAauYRx5xcDRkepz6hvnDvbk8=,1,0,,7,20150930
/h/dIifv5bhMtqAyjFZpNvKkBx+qmEC1oKSWe630QdI=,1,0,,7,20120831
1FxLtTxjVxfy5rA+OkczDmHkCfAvqNHA2m6Ijjv1bDw=,1,0,,7,20150809
3q0vyWk+3u87OCJihCQij/KUCmcuWQ0jN2UyEPu640Y=,13,23,female,9,20100728
M1PZLuT0JSRty3r3i3UT5gIGDUv+0877rApPsUiRyAI=,3,26,female,7,20160810
NZNBHqeJgq7aTOWvbPxjyw3SHFTwGsN4fQOeeGtF2UQ=,1,0,,7,20151105
NfXMwC8hDNAFZzIsJxfqr3TBmXhXM2MmyjkleZIPWiA=,13,33,female,9,20090114
Yy3xXUl0cR5J49nyJX7U+cz0K6VukP2t1qHTn/JsFhM=,1,0,,7,20130624
hjXBpeKiAeg0M6t2GxxBCWv0/TCU8ZD8pgLuViCpDCA=,4,29,female,3,20160214
kuPZhyeAcsUDXpTEl4Lg4+ZMHsrdXp0qimOet6D6w7M=,5,25,female,4,20151030
m1rqCOfB/nw7PL2OHvneiXiYnAeViE0DzuUVnf4xG5A=,13,24,female,7,20140119
pLV6fCw6Oq4FvCC7TO3BDA5XpfLTY5cgDXX19KFreDI=,1,0,,7,20121116
q8qHQEC6wX77S8W7KTY0fBzT+Va7MwQhhIU/NN0aJu8=,6,51,female,7,20101004
x3sKCc9FtIWEzoXCO/7bOmHYzMLHOEqkMZDh+FuVIt0=,1,0,,7,20141028
1QMc5y8TE0xpS1Pjea2SOLForlm3yc5xmLA9WMPhR1Y=,1,0,,7,20151028
7FJBJ2ysxyTFFiAi6ZbbnTfLfY9+OTyGoU4SvQdCAnk=,22,39,female,7,20160127
IH/xikzcpH7Oj8eM3QnopX3U4rPNvSrsw3EqXv7+6pg=,1,0,,7,20160313
SdQDOt3zaXisCX7Ix1D8kojfQGnu82EPhTmg64Ejhmw=,1,0,,7,20160414
W/GKBoNStmkORtkdfa9/cTTT+l2qXY56XBIVrdey/PY=,1,0,,7,20130126
Yl82BMPymRMLsasF4AiClE3PI3w7OC8H2YQH59xW1Bc=,1,0,,7,20101028
a0cw67MixWyp7q4mHdSWQer/4uQu6gWa9Ah5g4Ym19w=,4,22,female,3,20141020
cUWRyab0HlNVpGa8uJ2qD4FPwlfliJxbKIrjRSGgFVc=,14,59,male,7,20130605
omLHAalXxzrh7yya9AOsoLadL9RGyvxN4kEZ5ELLBSk=,4,21,female,4,20160610
pSqcJhsuxXUFrnRs7KIXEe6aFMEIOyqGdMsnKSgW5Ww=,5,36,male,9,20110726
r5N3XH89jF2OyPfTz3s6Le9cYJdHQEYVzg4JnyBVYqY=,1,0,,7,20170121
uQvL1g4uPx7a0fBjF5g2zH6d7Re09JoR+X0SZagyTRg=,12,0,,4,20161008
/rTYO+n/+cBdYQu5abkBKtMzqezIt3uTYvo+o0h/c4M=,1,0,,7,20160618
O9YiKbKRrdGRm8AP1fpcoo+0lZlU2OvbJK3KKtnxMvs=,6,19,male,3,20120827
PGLUBAmsHxCSnvmpJUpRp30g5BTc6/5p3//j8Nn2bWM=,22,39,female,7,20160125
SpqsC4wO3RutJrEJnsgTEnufFdnFRpQ+TRylc0BwhJQ=,5,0,,9,20160117
ZsHYEczi2QF99hOdl/uh3jwHqWnLJp1VTCuBv6qbUoc=,22,35,male,7,20131006
tdjDaqLdyIMKgmkYdN1vmjvPmRslin1BBuu56lMFNZI=,1,0,,9,20170126
zP2hRZZ6mxma99o9PX/PthmXkGnDMqjy69nP60SMa2k=,1,0,,7,20150816
Bx0qDq+8eguRmbpbC0ibBA+aro6Lw7X4ONFMi6+KHsk=,1,0,,7,20130505
HIW8SOqchs12BRT9jBCjTinLMIuhznLonqf31OR5MgI=,1,0,,7,20131010
cgoqPRciP1lw05j8zNJJNBdj4F+qRf20aowZcQ1buYI=,1,0,,7,20170126
hSX4wFRakBS5Szwzq+qG81pR+w+exQ6QSrysqubffsw=,4,41,male,7,20140526
k21fP2/8sVN0XDEz22Lg8uwFXZM8rsWtPK7Yph+YK/w=,10,23,female,9,20150426
pwgd7r7ldNzqupluDsFgOBkc0e+X8RnZoRvLauSoE90=,1,0,,7,20160102
rmTVcPcyBORQxj2g2rr/9Ii5eYWT5KjGKNfWWZkpyQY=,1,0,,7,20141024
zkaUSv54e5uzK1zMMeWGGInNyGyTPtGXmqCRKNgdY8A=,1,0,,7,20151228
zuF9haZ0mgA7vKHhpMuwvAT6q0dsoHE681v70HUJa30=,1,0,,7,20141002
+GUPkGoaQ7Ew5TIa7h2460wMk5/iIgBu7YGVG9dODMs=,15,0,,4,20160224
+JQCv+notSQw9MN/tODqIyP1QzcEk5ZpRrUjFHxQ8ig=,1,0,,7,20160814
/v0556fT6H7NdrdMtEuW2jsxPMOMRtlvlrj/X23x6Vo=,1,0,,7,20130207
1QhxELF1TI7o9bm7qSIZmUbeCKXgRkM9nEu5lwCp1Yk=,1,0,,9,20161023
4b0hIACF89ALDliJRaOrpvSCFET9kabQfmpmt5oMjAY=,1,0,,7,20160229
9Hmgei7WuPlwN+TS79/S+KY9K3Io+LLuHqNCAJqS5hY=,1,0,,7,20160202
9sfAVr7QqIofDPLUXl876p34HEEptkafQIijitNEGNY=,18,59,male,9,20080723
L/od3w1/GalT7bSij5OR8j0tHbuu8N5sm4ZlPgkfipw=,15,19,female,9,20141221
MhRm/8ixArsCAyfIFbs9d4s2vheUT5ut8aJpgnrC5yw=,1,0,,7,20160131
N/EId2NWdpjYbj3os9XjTcfASkHSu/5DwevaUroSYQI=,1,0,,7,20130616
NCpFYkHwNJ0HWiwcCpU3kyyTdEXIvXEnPI1JXDpQn7g=,1,0,,7,20160924
OzC19QdwJ0lrpYkeA6B0x9MW+ozLkRIq3XYwTBsAgLc=,1,0,,7,20120907
SrlALmGLObgRSbv1pEVfM6Qh4KyPW1nVgewOSxNjAx4=,11,25,male,9,20130925
WsqRH4EyAPvv8Yfm1tO3lWKbbOi/au/XL4Y0vLAJZt0=,13,0,,4,20160329
X8rLVdNqFkXYUvJ55UhfWGbzORjm394pa2R7llBlXAs=,1,0,,7,20151105
ZvAPOdobdd6NgmNkgeuKG99086iJMe0m6pEDoWkDxPM=,1,0,,7,20130529
lqaTb42bw7to/gwQGNwTLJcaDS0qZdtaTYAeulNQXvA=,1,0,,7,20130901
qjv8745G/9B4UQDtCpkivxWT6Zaz5eyyyiQN6EiEb7c=,1,0,,7,20101116
skPG4G4Dz2UjhyUUYnjInL4xbzny01c56/2+1JIK+HI=,1,0,,7,20120608
tU7zkdAeT7IP3qyjjrtUzldy9AYUA6omnSsOZSuG3tk=,5,31,female,4,20151023
+QxHYXGsJf8RhUA8SxYR3ySkV32KhwyaX743aI7vaXw=,10,23,male,3,20131028
9y4B+PddX7sstnG3HObAM5udI5uFuHsWTUj0vLh+p7s=,13,26,female,9,20090105
Az8p1Y8WDRRGygkTZZ3L3B9U2HdqXPOjaydgKx9M4Ok=,1,0,,3,20130811
CV98Wv9kvT+xaVhKd8+kkb/AzgEPukSYs9KqB3uxOB8=,4,20,male,7,20130220
DEJTnx3cyFu+b0h6/NlLCPc6Dl/9O27EYYRd9wSc/yY=,8,0,female,7,20140309
H17qitOMOXtlccqnQUPPOgaf4aDm9MVL0F3CCzncoUU=,13,35,male,7,20160309
JLFMWb4b8LZvaeJSfJl7zgvzFNidbwYvisAdp0wGtF8=,1,0,,7,20150222
Q83Z5fXP842YyPJoRTasEad9F5pSi1CjmD0GsDOQ+Gk=,1,0,,7,20151026
QSSPj3XqtU2q1/ZfK7KYlZdqh/XkHkKdKpsY0BUAqto=,1,0,,7,20160215
RaZzpyMA+WOaEloqgM8IzoGwx/XAkFKOQAhQvv/8cfI=,13,43,female,3,20131017
V7qYXgiz7lrvaEL7kTJCktUktpxsC5+jPAgU2+XhK88=,4,18,female,3,20130907
VAFuacAMrsc1dj9pTsiP+AN2az5d0uWe6cYEwbBA0UQ=,1,0,,9,20150726
ghj+PlmJ7X+h10t9+oDaNWP/mEaNKymkudtBJkGh+wE=,1,0,,7,20160316
hWZCdkruO+HvfsAGpDbBjaaIVM80QRKCHPDAwqNthfc=,6,32,female,3,20160814
i4gvouK/vcrmahJj0RaPj0wHbSpmPK0aiVph7UlvPhw=,4,29,female,9,20150729
iFgB7KcfVlQmcudbJraK9GszcRusjG8t4AI4dSzt6IE=,4,37,female,9,20110722
j5DNbqqcs4M+OL4v39TewqcbtzoiR6vKviJbyfjzl9o=,1,0,,7,20150503
osJ9Kq96Bz36hP+INYy+jz+aRS2AjEh9LLXrYIAwvMM=,13,24,male,7,20160810
pPF5A/6SlT+ltQPKtY+UvXtHXHnXrj5BzY4GswnFEJQ=,22,51,male,9,20080919
pq0OOufqVVmQfqAFGsMpBFCtOAG818h2+MgTBmh8bXM=,6,36,male,9,20130510
tsX7jcBVV6EL6ZBFcOXcVDQ5KmHoTbs+WcgwrEAaiFk=,22,18,male,4,20160425
yiTey8LRFqORPTHHdcAOG8x/tvFwMf9520MzkPhR6MM=,1,0,,7,20100802
0xS0eezjAD9hXV/cSPq2+aPOfYs1xkClW4RomHoBHkk=,22,42,male,3,20131006
2rTlVCD3ubrk82ZIqOE9bCqJWxg0I+5gmg6lssExaPg=,1,0,,7,20131104
6GxSQ+FbVOzaQoMr6KZrZLiZfHxOQLshJLHk8nFRPks=,1,0,,7,20160124
AaCt+utkXfUJQRjli5nKpQ3IYeK6VAVdlolbB5sQ+ro=,1,0,,7,20160116
BwLaj/zthHO5TU/VhBlangW2I8pYwx0KqG99dg6pDuI=,1,0,,3,20130512
KlK7vU+dQ4kRKq0HqCOBMdYbtNSqbJqPh4kgbg0aY+4=,1,0,,7,20160127
Q5KYpQlrQ3QzOpTelFa5cDW6KW6FNnbo73w3WjZx2To=,1,0,,7,20160103
S6PZFJhNOIOSMH0OBrV/CvUKxl8Zmrlogi93x81e2v8=,1,0,,7,20160113
VCBbRac6WvEwiIpW4VD98dAfjmMmPV/eQDAcXdqVCcQ=,1,0,,7,20130820
Y+NP23EF8XDb2lkFq7aoRaGjU7cVMXIMEaOOzXkQHEg=,13,33,female,9,20120131
g3tnXefFa2mbrraUXwls0VaxnCooWI0B/ZIxKc2oH2Q=,13,27,female,3,20150927
r9KZRf/5l69eRpkS8LrEhAsXWY6wtOlPudMeaV6h/M0=,1,0,,7,20110119
vbjO6s+P/WxeWLCatc2NKFPOdUnQ5g6jA12HJe8AI9w=,1,0,,7,20151025
zrD+v/GbVj49MXttIi+Vlj9LgDnzY5A8qA+WP0EuFeM=,13,26,female,9,20130228
01fTngo7owT5WbytVB4p7iwaqNCN7O8Tt12Bbhq+7SU=,1,0,,9,20160824
6xSLjj55xKPirUi7LQFn3mWSAGohBVUTrDQSjuuPgFw=,1,0,,7,20140808
NlM1id2vh5g52CYZwl3oFfcHkC6bcPtfIqPtXyXY8eM=,1,0,,4,20151226
O7rafMlJZqV/hJk5qE+Rm/RZ35A/cjJMrSyrTE49rTs=,1,0,,7,20131009
YJuTymU01rxMBouvCbU/YPLL0TQ2NxqwyWp1Car1/T4=,1,0,,7,20140916
bxjKzfN8hGUiEd0zw1mXN0E9FINV5v/dzcJ1NhtcOqU=,1,0,,4,20160122
o7CHd2YgtHqF7gyZRkaeyyiqXPFtTnTwmVJ8ztw0/2U=,1,0,,7,20150802
sOxgu+VbRJPFDXF4UZ/xqDfGEsbZN7XGE4lhtFLfs40=,1,0,,7,20151007
simMNoCYqjresndDUn4yzgCxzhGdLc2DLMUogVwfEQQ=,1,0,,7,20160112
tSBkOAdkuiCwYT9n9Vn5D93dfdgU/4N1uKY3HcT6CJ4=,1,0,,7,20161027
xwNZwZ5h7ZcucHVZNAr3ztgga7Cq/TOdPHDKwXw1wvQ=,1,0,,7,20160725
+E01SQPTO1HxtakkQpuI8ts1N8qJZFKH5gvzaYcTKKc=,13,26,male,3,20140108
/j74L8tn9blBvaX9UOxItpmu/KtIXdzjm2ZKe4RyDUE=,4,0,,3,20130321
38QvmdLUNgG9N0NuPSMiuToeocfNU8NBkGRhK+DoJhQ=,1,0,,7,20131207
GCTbaFUWBTcEw7nr0krLKgLtUJ/8DpHVTNOMucWSVRA=,13,0,,7,20130707
MpooDu9TFSJBtQEiAcjzQRVAQIJLhZmP69P/UKs1uWw=,13,31,female,9,20100410
b1iZDdIj/4If6nbE/dB4diimM4+OlWg/hDfwoV8hqyU=,22,0,,3,20140124
dxdpe0Z6Vrw8cIunPWAoM9/EqEiGZ7/okjixTynJDJM=,1,0,male,7,20151010
fNOrLilBkDV8U6Esw6EfF73pFztqD+6c6nKXLpgKRwI=,12,34,female,7,20150812
tFSf3LYACHn9VEPN26I3eGaqKT/OOWBoVBM6eWQUjYU=,1,0,,4,20161102
+aUiJr74X89rcEA0K+yl12Z1nXZ39A8ubxy1sPfYf0s=,15,39,female,9,20060520
3ymstTBbv7Ni5t6d+4u7U5PXMQCH+pKKfCvvWfyB17g=,1,0,,7,20160820
8t058QVgi6kEG6uWJ02/t4rE7rR8pYufhWUbijlXzmE=,1,20,male,3,20150703
AbovFYFwnSts1qka1qji+fBo4Jm5JaYf558FPG3Hj3I=,22,38,female,9,20120805
Iv+myT5RIVDWExP0UmA/BhqmcEHwyKUbt9X6fyjyCOs=,1,0,,7,20151107
MaqhU/6ixrMS7ySSM9fxjk1elxbuRDt0m+C7bIb3qQ4=,13,35,male,3,20130319
P1KQOrQAcTHQ/HWZGtT92rdRlikJY1EVHqe81Zc0IiA=,1,0,,7,20161222
b4dNCeWdC6sBcO+N76VJwZVfIfNIzKDFYC/jsTDjwz8=,4,30,female,9,20050917
bRtgTrotZ8tFpUlYYe3EdNw8m5DvsY+WxUlunzWnUfE=,22,27,male,4,20160202
hGiAv2G1HRfElyM//8355Ky1oGCmuLybraxoNNxrakQ=,15,22,female,9,20141224
rkrIg3eebtsXkL4POYVmviPBwUK4fV7ByKwwYftTAzQ=,14,0,,3,20130519
vl3ob40Ez6Fap9ZqQFOkjY9N/zC0NYlwCmsQUj35EsE=,13,31,female,9,20130903
41grvXgdb1zM4R7CoPs5N85P4My3CYb/RCzdBPiGceo=,1,0,,4,20151014
6UVNHIZWQLOHM9Gle0zrYSdMn9pa+RU6+WyTimN9uCQ=,15,32,female,9,20140313
S8CoT+WTSikJWDljLbTWt9mbD7UXwL8orn8crceybRw=,17,23,female,7,20130913
XhGSyz+8hQNIEEGbWQ6QnTgmw6JlXGZZgaP7okF9zQU=,4,0,,9,20141114
kwp1kc05FsUt7nI3uvf6ms+nZ5Iomw18DbE4VVhKaUA=,1,0,,7,20150910
m3+tjSdVH6K4QnoVmUvMWHFHx7dD+szclOGl7DAcDNE=,1,0,,7,20150921
vglgFwKR3lx9Rc3p2NKE6qLQNEJh6pK4NAOVXGvNNGQ=,5,0,,4,20160212
whSwh/v6yC58jKf8w1S1juXmdyETNdcJue+lYVYQiFc=,1,0,,4,20161214
/ULParmC7i19rBZSs12nWClCfg6S/t7luxW7fQMjhSQ=,1,0,,7,20151116
1Pod+7e4p7ZYr1b7qmXQtDa+ppPaKLcmbSlNPlgihz4=,5,23,female,7,20141113
FetcVIOdv3n6Zc9WG00w8my7aUW+BHQDKxJMqOlvg1I=,1,0,,7,20160109
FpRvejWQ3f0afL3vV3Z4gfciqjZcciVvQmNf88dwYtg=,15,24,female,3,20130401
JJRUcGhxoZcgNWthrdrVL8iCDF4JZbWNvsF/CV5stBc=,13,35,female,9,20081031
M9rdH+cCHpjRwDOf0SFRht1bIPo/rRS/TBsMskfaI3o=,1,0,,7,20160319
U4J9AGTLvDufPq6nKpTKRCNZ/1k8w4En/cP+cdJt/3U=,1,0,,7,20160206
VjXfO/lq4+9TS2ccDEyKNOnvH9qs59yT484XUJMyPLw=,1,0,,7,20130602
YpwrYk99bKHArFnj0rYR3E9/eHayXNC9PbBKrDeFHcw=,5,32,male,9,20070901
ZM1VYvppPTTDU0jHpUzCNXv93t1YuBLK3eazcir+AOo=,1,0,,7,20120406
Zp0e1r4ClGGvfdFktMIeKstEHXQ47ttTCd59GkCF/dQ=,14,32,male,7,20160201
e4cnKBpJ6MNcIkbi2AbRGoYxmDGixN6KyCuUdKzy3KI=,1,0,,7,20140118
eP72NhweYwfArWc3CPKKz6TbWSUvCLPIsfu6e490QFc=,1,0,,7,20130315
l3nj/jZPfo6DMewKJtYrkyUm0gJuSavg4QUaC29W3P4=,8,17,male,13,20170118
zjkGYrG3CCnuo4/z/mzROqhV42y/IV0Bbf+Tv7FKbH4=,13,27,male,9,20110911
